Stopping place,total_trains,total_delay_minutes,avg_delay_minutes,unique_trains,delays_above_5min,delays_above_15min,pct_delays_above_5min,pct_delays_above_15min,Unnamed: 0,Station,Avg number of travelers in the week,Avg number of travelers on Saturday,Avg number of travelers on Sunday,avg_weekday_travelers,delay_times_1000_travelers,betweenness_centrality
AALST,231,359.83,1.56,47,12.0,2.0,5.19,0.87,0.0,AALST,6444.0,1768.0,1592.0,6444.0,2318.74,0.11467444120505345
AALST-KERREBROEK,43,28.98,0.67,9,0.0,0.0,0.0,0.0,0.0,0,0.0,0.0,0.0,0.0,0.0,0.001943634596695821
AALTER,331,307.45,0.93,68,23.0,6.0,6.95,1.81,2.0,AALTER,2288.0,1055.0,855.0,2288.0,703.45,0.17978620019436345
AARSCHOT,336,705.98,2.1,69,48.0,2.0,14.29,0.6,3.0,AARSCHOT,6270.0,1954.0,1395.0,6270.0,4426.49,0.11564625850340136
AARSELE,89,367.32,4.13,21,18.0,4.0,20.22,4.49,0.0,0,0.0,0.0,0.0,0.0,0.0,0.04470359572400389
ACREN,79,255.42,3.23,16,20.0,1.0,25.32,1.27,5.0,ACREN,226.0,43.0,50.0,226.0,57.72,0.023323615160349854
AISEAU,223,671.73,3.01,52,37.0,8.0,16.59,3.59,6.0,AISEAU,100.0,15.0,17.0,100.0,67.17,0.14091350826044705
ALKEN,118,303.22,2.57,24,20.0,0.0,16.95,0.0,7.0,ALKEN,647.0,254.0,310.0,647.0,196.18,0.05053449951409135
AMAY,192,410.35,2.14,39,26.0,2.0,13.54,1.04,8.0,AMAY,262.0,68.0,50.0,262.0,107.51,0.12050534499514091
AMPSIN,192,460.22,2.4,39,28.0,2.0,14.58,1.04,9.0,AMPSIN,134.0,30.0,20.0,134.0,61.67,0.1185617103984451
ANDENNE,192,495.3,2.58,39,29.0,4.0,15.1,2.08,10.0,ANDENNE,1746.0,499.0,427.0,1746.0,864.79,0.11564625850340136
ANDERLECHT,440,975.57,2.22,96,53.0,11.0,12.05,2.5,0.0,0,0.0,0.0,0.0,0.0,0.0,0.24198250728862974
ANGLEUR,426,1481.22,3.48,88,96.0,18.0,22.54,4.23,11.0,ANGLEUR,565.0,147.0,126.0,565.0,836.89,0.18658892128279883
ANS,334,1078.58,3.23,69,59.0,17.0,17.66,5.09,12.0,ANS,1040.0,118.0,88.0,1040.0,1121.72,0.13896987366375121
ANSEREMME,65,52.87,0.81,13,1.0,0.0,1.54,0.0,13.0,ANSEREMME,51.0,124.0,45.0,51.0,2.7,0.02040816326530612
ANTOING,143,268.82,1.88,29,18.0,4.0,12.59,2.8,14.0,ANTOING,293.0,123.0,107.0,293.0,78.76,0.05830903790087463
ANTWERPEN-BERCHEM,1264,3295.52,2.61,262,146.0,31.0,11.55,2.45,15.0,ANTWERPEN-BERCHEM,17289.0,8163.0,8506.0,17289.0,56976.25,0.4489795918367347
ANTWERPEN-CENTRAAL,800,2085.27,2.61,168,89.0,25.0,11.12,3.12,0.0,0,0.0,0.0,0.0,0.0,0.0,0.4645286686103013
ANTWERPEN-LUCHTBAL,391,1427.23,3.65,85,80.0,22.0,20.46,5.63,17.0,ANTWERPEN-LUCHTBAL,1082.0,161.0,93.0,1082.0,1544.26,0.15354713313896987
ANTWERPEN-NOORDERDOKKEN,178,642.15,3.61,37,34.0,7.0,19.1,3.93,18.0,ANTWERPEN-NOORDERDOKKEN,263.0,43.0,16.0,263.0,168.89,0.062196307094266275
ANTWERPEN-ZUID,412,788.25,1.91,83,35.0,5.0,8.5,1.21,19.0,ANTWERPEN-ZUID,3262.0,164.0,175.0,3262.0,2571.27,0.17201166180758018
ANZEGEM,196,395.4,2.02,42,18.0,6.0,9.18,3.06,0.0,0,0.0,0.0,0.0,0.0,0.0,0.05928085519922255
APPELTERRE,149,385.55,2.59,30,22.0,4.0,14.77,2.68,21.0,APPELTERRE,213.0,60.0,54.0,213.0,82.12,0.037900874635568516
ARCADEN,294,761.62,2.59,60,44.0,5.0,14.97,1.7,0.0,0,0.0,0.0,0.0,0.0,0.0,0.13508260447035958
ARCHENNES,177,179.0,1.01,37,5.0,3.0,2.82,1.69,23.0,ARCHENNES,148.0,10.0,11.0,148.0,26.49,0.06316812439261418
ARLON,200,206.35,1.03,42,4.0,0.0,2.0,0.0,24.0,ARLON,5476.0,1331.0,3075.0,5476.0,1129.97,0.043731778425655975
ASSE,179,644.83,3.6,36,40.0,8.0,22.35,4.47,25.0,ASSE,1085.0,239.0,182.0,1085.0,699.64,0.07677356656948493
ASSESSE,178,309.85,1.74,37,17.0,3.0,9.55,1.69,26.0,ASSESSE,212.0,57.0,40.0,212.0,65.69,0.08066083576287658
ATH,231,740.17,3.2,47,38.0,12.0,16.45,5.19,27.0,ATH,5256.0,1592.0,1712.0,5256.0,3890.33,0.08940719144800778
ATHUS,127,140.55,1.11,26,7.0,0.0,5.51,0.0,28.0,ATHUS,989.0,219.0,169.0,989.0,139.0,0.011661807580174927
AUBANGE,75,105.3,1.4,15,7.0,0.0,9.33,0.0,0.0,0,0.0,0.0,0.0,0.0,0.0,0.01652089407191448
AUVELAIS,222,539.97,2.43,49,41.0,5.0,18.47,2.25,30.0,AUVELAIS,492.0,230.0,174.0,492.0,265.67,0.12147716229348883
AYE,118,121.17,1.03,25,14.0,2.0,11.86,1.69,31.0,AYE,45.0,17.0,15.0,45.0,5.45,0.06511175898931001
AYWAILLE,70,205.63,2.94,14,13.0,2.0,18.57,2.86,32.0,AYWAILLE,180.0,87.0,95.0,180.0,37.01,0.031098153547133137
BAASRODE-ZUID,141,288.13,2.04,29,15.0,2.0,10.64,1.42,0.0,0,0.0,0.0,0.0,0.0,0.0,0.08357628765792031
BALEGEM-DORP,111,226.95,2.04,23,8.0,3.0,7.21,2.7,34.0,BALEGEM-DORP,291.0,74.0,72.0,291.0,66.04,0.034013605442176874
BALEGEM-ZUID,111,232.48,2.09,23,9.0,3.0,8.11,2.7,0.0,0,0.0,0.0,0.0,0.0,0.0,0.03012633624878523
BALEN,58,171.72,2.96,12,12.0,1.0,20.69,1.72,36.0,BALEN,285.0,98.0,71.0,285.0,48.94,0.021379980563654033
BALEN-WERKPLAATSEN,67,256.8,3.83,14,20.0,2.0,29.85,2.99,0.0,0,0.0,0.0,0.0,0.0,0.0,0.03498542274052478
BAMBRUGGE,48,42.35,0.88,10,0.0,0.0,0.0,0.0,0.0,0,0.0,0.0,0.0,0.0,0.0,0.0009718172983479105
BARVAUX,70,106.3,1.52,14,2.0,0.0,2.86,0.0,38.0,BARVAUX,334.0,109.0,132.0,334.0,35.5,0.013605442176870748
BAS-OHA,192,497.02,2.59,39,28.0,3.0,14.58,1.56,39.0,BAS-OHA,56.0,19.0,31.0,56.0,27.83,0.11273080660835763
BASSE-WAVRE,177,149.33,0.84,37,7.0,2.0,3.95,1.13,40.0,BASSE-WAVRE,434.0,31.0,33.0,434.0,64.81,0.07482993197278912
BEAURAING,60,79.8,1.33,12,2.0,0.0,3.33,0.0,41.0,BEAURAING,260.0,83.0,166.0,260.0,20.75,0.01652089407191448
BEERNEM,331,357.6,1.08,68,24.0,5.0,7.25,1.51,42.0,BEERNEM,601.0,172.0,138.0,601.0,214.92,0.19825072886297376
BEERSEL,176,407.55,2.32,36,21.0,2.0,11.93,1.14,0.0,0,0.0,0.0,0.0,0.0,0.0,0.06316812439261418
BEERVELDE,250,422.05,1.69,50,25.0,2.0,10.0,0.8,44.0,BEERVELDE,214.0,53.0,38.0,214.0,90.32,0.13119533527696792
BEGIJNENDIJK,188,539.98,2.87,39,27.0,4.0,14.36,2.13,45.0,BEGIJNENDIJK,315.0,108.0,123.0,315.0,170.09,0.05928085519922255
BEIGNEE,72,47.92,0.67,16,2.0,0.0,2.78,0.0,0.0,0,0.0,0.0,0.0,0.0,0.0,0.021379980563654033
BELLEM,331,416.48,1.26,68,21.0,6.0,6.34,1.81,47.0,BELLEM,179.0,45.0,53.0,179.0,74.55,0.2108843537414966
BELSELE,310,400.73,1.29,62,18.0,1.0,5.81,0.32,48.0,BELSELE,431.0,51.0,41.0,431.0,172.71,0.1292517006802721
BERINGEN,59,146.25,2.48,12,11.0,1.0,18.64,1.69,50.0,BERINGEN,135.0,54.0,40.0,135.0,19.74,0.022351797862001945
BERLAAR,190,445.33,2.34,39,23.0,3.0,12.11,1.58,51.0,BERLAAR,375.0,152.0,193.0,375.0,167.0,0.062196307094266275
BERTRIX,134,160.08,1.19,27,4.0,0.0,2.99,0.0,52.0,BERTRIX,329.0,105.0,189.0,329.0,52.67,0.034013605442176874
BERZEE,68,57.85,0.85,15,4.0,0.0,5.88,0.0,53.0,BERZEE,132.0,28.0,25.0,132.0,7.64,0.015549076773566569
BEUZET,287,863.57,3.01,59,52.0,11.0,18.12,3.83,54.0,BEUZET,141.0,21.0,17.0,141.0,121.76,0.12633624878522837
BEVEREN(WAAS),300,480.2,1.6,60,21.0,1.0,7.0,0.33,0.0,0,0.0,0.0,0.0,0.0,0.0,0.13022351797862003
BEVERLO,58,162.78,2.81,12,12.0,1.0,20.69,1.72,56.0,BEVERLO,146.0,53.0,37.0,146.0,23.77,0.02040816326530612
BIERGES-WALIBI,234,234.73,1.0,50,8.0,2.0,3.42,0.85,57.0,BIERGES-WALIBI,146.0,504.0,562.0,146.0,34.27,0.0826044703595724
BIERSET-AWANS,158,298.47,1.89,33,15.0,4.0,9.49,2.53,58.0,BIERSET-AWANS,121.0,34.0,27.0,121.0,36.11,0.05539358600583091
BILZEN,142,243.3,1.71,30,13.0,0.0,9.15,0.0,59.0,BILZEN,555.0,106.0,107.0,555.0,135.03,0.04470359572400389
BILZEN-WIJKSPOOR,142,188.83,1.33,30,10.0,0.0,7.04,0.0,0.0,0,0.0,0.0,0.0,0.0,0.0,0.05053449951409135
BINCHE,30,23.23,0.77,7,1.0,0.0,3.33,0.0,60.0,BINCHE,335.0,187.0,154.0,335.0,7.78,0.028182701652089408
BISSEGEM,89,244.53,2.75,18,13.0,1.0,14.61,1.12,61.0,BISSEGEM,272.0,85.0,131.0,272.0,66.51,0.03498542274052478
BLANKENBERGE,39,40.95,1.05,8,1.0,0.0,2.56,0.0,62.0,BLANKENBERGE,1790.0,1348.0,1679.0,1790.0,73.3,0.025267249757045675
BLANMONT,290,789.68,2.72,60,52.0,10.0,17.93,3.45,63.0,BLANMONT,172.0,22.0,16.0,172.0,135.82,0.14965986394557823
BLATON,148,334.88,2.26,30,17.0,6.0,11.49,4.05,64.0,BLATON,536.0,190.0,141.0,536.0,179.5,0.06608357628765792
BLERET,158,327.97,2.08,33,16.0,4.0,10.13,2.53,0.0,0,0.0,0.0,0.0,0.0,0.0,0.052478134110787174
BOCKSTAEL,259,609.97,2.36,52,40.0,4.0,15.44,1.54,66.0,BOCKSTAEL,929.0,129.0,107.0,929.0,566.66,0.09815354713313897
BOECHOUT,403,525.45,1.3,82,23.0,4.0,5.71,0.99,67.0,BOECHOUT,424.0,143.0,186.0,424.0,222.79,0.13508260447035958
BOIS D'AUSSE,178,280.5,1.58,37,17.0,3.0,9.55,1.69,0.0,0,0.0,0.0,0.0,0.0,0.0,0.08843537414965986
BOKRIJK,84,180.15,2.14,17,13.0,0.0,15.48,0.0,69.0,BOKRIJK,171.0,73.0,157.0,171.0,30.81,0.031098153547133137
BOMAL,65,81.85,1.26,13,2.0,0.0,3.08,0.0,70.0,BOMAL,236.0,65.0,112.0,236.0,19.32,0.024295432458697766
BOOISCHOT,189,511.58,2.71,39,24.0,4.0,12.7,2.12,71.0,BOOISCHOT,293.0,118.0,79.0,293.0,149.89,0.04956268221574344
BOOM,111,175.4,1.58,24,9.0,1.0,8.11,0.9,72.0,BOOM,428.0,34.0,36.0,428.0,75.07,0.04178814382896016
BOONDAAL,294,737.43,2.51,60,45.0,5.0,15.31,1.7,0.0,0,0.0,0.0,0.0,0.0,0.0,0.1379980563654033
BOORTMEERBEEK,165,323.73,1.96,35,18.0,3.0,10.91,1.82,74.0,BOORTMEERBEEK,604.0,196.0,185.0,604.0,195.53,0.07191448007774538
BORDET,407,1027.23,2.52,84,58.0,4.0,14.25,0.98,75.0,BORDET,1633.0,165.0,126.0,1633.0,1677.47,0.16229348882410108
BORNEM,90,333.33,3.7,19,21.0,2.0,23.33,2.22,76.0,BORNEM,830.0,265.0,221.0,830.0,276.66,0.0184645286686103
BOSVOORDE,378,1340.65,3.55,79,107.0,14.0,28.31,3.7,0.0,0,0.0,0.0,0.0,0.0,0.0,0.18658892128279883
BOUSSU,78,266.15,3.41,16,16.0,2.0,20.51,2.56,77.0,BOUSSU,184.0,106.0,91.0,184.0,48.97,0.0369290573372206
BOUWEL,290,646.15,2.23,59,33.0,7.0,11.38,2.41,78.0,BOUWEL,467.0,149.0,199.0,467.0,301.75,0.1000971817298348
BRACQUEGNIES,186,334.75,1.8,38,22.0,6.0,11.83,3.23,79.0,BRACQUEGNIES,119.0,25.0,25.0,119.0,39.84,0.08066083576287658
BRAINE-ALLIANCE,370,875.83,2.37,75,51.0,5.0,13.78,1.35,0.0,0,0.0,0.0,0.0,0.0,0.0,0.1379980563654033
BRAINE-L'ALLEUD,368,840.33,2.28,75,45.0,5.0,12.23,1.36,0.0,0,0.0,0.0,0.0,0.0,0.0,0.16229348882410108
BRAINE-LE-COMTE,354,1044.07,2.95,74,61.0,4.0,17.23,1.13,81.0,BRAINE-LE-COMTE,5298.0,1375.0,1093.0,5298.0,5531.48,0.16132167152575316
BRESSOUX,119,125.75,1.06,24,3.0,1.0,2.52,0.84,82.0,BRESSOUX,145.0,46.0,29.0,145.0,18.23,0.024295432458697766
BRUGELETTE,91,213.05,2.34,20,12.0,2.0,13.19,2.2,92.0,BRUGELETTE,294.0,57.0,45.0,294.0,62.64,0.03304178814382896
BRUGGE,463,705.4,1.52,96,33.0,7.0,7.13,1.51,93.0,BRUGGE,18091.0,12737.0,12249.0,18091.0,12761.39,0.20894071914480078
BRUGGE-SINT-PIETERS,248,364.43,1.47,51,12.0,2.0,4.84,0.81,94.0,BRUGGE-SINT-PIETERS,99.0,12.0,7.0,99.0,36.08,0.07482993197278912
BRUSSEL-CENTRAAL,2016,9991.55,4.96,419,707.0,73.0,35.07,3.62,0.0,0,0.0,0.0,0.0,0.0,0.0,0.956268221574344
BRUSSEL-CONGRES,2010,7875.85,3.92,418,528.0,64.0,26.27,3.18,0.0,0,0.0,0.0,0.0,0.0,0.0,0.9795918367346939
BRUSSEL-KAPELLEKERK,1997,7312.53,3.66,416,412.0,62.0,20.63,3.1,0.0,0,0.0,0.0,0.0,0.0,0.0,0.9931972789115646
BRUSSEL-LUXEMBURG,669,1915.3,2.86,139,126.0,11.0,18.83,1.64,0.0,0,0.0,0.0,0.0,0.0,0.0,0.3556851311953353
BRUSSEL-NOORD,2011,7180.82,3.57,419,471.0,58.0,23.42,2.88,0.0,0,0.0,0.0,0.0,0.0,0.0,0.9931972789115646
BRUSSEL-SCHUMAN,662,1930.25,2.92,139,130.0,13.0,19.64,1.96,0.0,0,0.0,0.0,0.0,0.0,0.0,0.34402332361516036
BRUSSEL-WEST,60,178.93,2.98,12,12.0,1.0,20.0,1.67,0.0,0,0.0,0.0,0.0,0.0,0.0,0.025267249757045675
BRUSSEL-ZUID,1908,6403.65,3.36,395,347.0,60.0,18.19,3.14,0.0,0,0.0,0.0,0.0,0.0,0.0,1.0
BRUSSELS AIRPORT - ZAVENTEM,336,761.68,2.27,71,46.0,4.0,13.69,1.19,0.0,0,0.0,0.0,0.0,0.0,0.0,0.239067055393586
BUDA,370,721.22,1.95,76,45.0,4.0,12.16,1.08,0.0,0,0.0,0.0,0.0,0.0,0.0,0.22546161321671526
BUGGENHOUT,142,312.4,2.2,29,17.0,2.0,11.97,1.41,96.0,BUGGENHOUT,562.0,236.0,187.0,562.0,175.57,0.0456754130223518
BUIZINGEN,426,1367.1,3.21,95,88.0,17.0,20.66,3.99,97.0,BUIZINGEN,514.0,175.0,114.0,514.0,702.69,0.20505344995140914
BURST,255,650.82,2.55,53,36.0,11.0,14.12,4.31,98.0,BURST,927.0,128.0,110.0,927.0,603.31,0.13313896987366375
CALLENELLE,148,318.42,2.15,30,19.0,5.0,12.84,3.38,0.0,0,0.0,0.0,0.0,0.0,0.0,0.056365403304178816
CAMBRON-CASTEAU,91,215.63,2.37,20,11.0,1.0,12.09,1.1,100.0,CAMBRON-CASTEAU,156.0,251.0,146.0,156.0,33.64,0.034013605442176874
CARLSBOURG,60,57.87,0.96,12,1.0,0.0,1.67,0.0,101.0,CARLSBOURG,44.0,11.0,34.0,44.0,2.55,0.031098153547133137
CARNIERES,185,388.15,2.1,38,21.0,5.0,11.35,2.7,102.0,CARNIERES,111.0,38.0,22.0,111.0,43.08,0.09718172983479106
CEROUX-MOUSTY,131,139.88,1.07,29,6.0,0.0,4.58,0.0,103.0,CEROUX-MOUSTY,170.0,27.0,20.0,170.0,23.78,0.07191448007774538
CHAPELLE-DIEU,45,48.53,1.08,9,2.0,0.0,4.44,0.0,0.0,0,0.0,0.0,0.0,0.0,0.0,0.0029154518950437317
CHAPOIS,118,231.22,1.96,25,14.0,3.0,11.86,2.54,105.0,CHAPOIS,48.0,29.0,14.0,48.0,11.1,0.07580174927113703
CHARLEROI-CENTRAL,442,760.95,1.72,92,29.0,7.0,6.56,1.58,0.0,0,0.0,0.0,0.0,0.0,0.0,0.25170068027210885
CHARLEROI-OUEST,136,146.38,1.08,30,3.0,2.0,2.21,1.47,106.0,CHARLEROI-OUEST,93.0,14.0,15.0,93.0,13.61,0.0728862973760933
CHASTRE,291,790.55,2.72,60,49.0,10.0,16.84,3.44,108.0,CHASTRE,370.0,79.0,48.0,370.0,292.5,0.1477162293488824
CHATEAU-DE-SEILLES,192,465.68,2.43,39,25.0,3.0,13.02,1.56,109.0,CHATEAU-DE-SEILLES,136.0,25.0,14.0,136.0,63.33,0.08940719144800778
CHATELET,225,628.22,2.79,48,37.0,8.0,16.44,3.56,110.0,CHATELET,702.0,209.0,202.0,702.0,441.01,0.1098153547133139
CHAUDFONTAINE,241,589.7,2.45,50,47.0,7.0,19.5,2.9,111.0,CHAUDFONTAINE,94.0,21.0,12.0,94.0,55.43,0.10689990281827016
CHENEE,287,1076.38,3.75,60,77.0,15.0,26.83,5.23,112.0,CHENEE,94.0,21.0,17.0,94.0,101.18,0.13313896987366375
CINEY,142,242.82,1.71,30,17.0,2.0,11.97,1.41,113.0,CINEY,2127.0,805.0,1090.0,2127.0,516.48,0.09426627793974733
COMBLAIN-LA-TOUR,69,90.7,1.31,14,1.0,0.0,1.45,0.0,114.0,COMBLAIN-LA-TOUR,127.0,44.0,54.0,127.0,11.52,0.034013605442176874
COO,70,163.78,2.34,14,8.0,2.0,11.43,2.86,116.0,COO,35.0,50.0,66.0,35.0,5.73,0.023323615160349854
COUILLET,231,591.1,2.56,49,27.0,7.0,11.69,3.03,0.0,0,0.0,0.0,0.0,0.0,0.0,0.1098153547133139
COUR-SUR-HEURE,67,67.15,1.0,15,3.0,0.0,4.48,0.0,118.0,COUR-SUR-HEURE,32.0,16.0,9.0,32.0,2.15,0.026239067055393587
COURCELLES-MOTTE,197,364.58,1.85,40,17.0,2.0,8.63,1.02,119.0,COURCELLES-MOTTE,167.0,19.0,17.0,167.0,60.88,0.0826044703595724
COURRIERE,178,315.8,1.77,37,16.0,2.0,8.99,1.12,120.0,COURRIERE,219.0,61.0,40.0,219.0,69.16,0.062196307094266275
COURT-SAINT-ETIENNE,131,157.03,1.2,29,5.0,0.0,3.82,0.0,121.0,COURT-SAINT-ETIENNE,371.0,50.0,37.0,371.0,58.26,0.07774538386783285
COUVIN,29,13.35,0.46,6,0.0,0.0,0.0,0.0,122.0,COUVIN,134.0,28.0,29.0,134.0,1.79,0.01749271137026239
DAVE-SAINT-MARTIN,178,370.22,2.08,37,23.0,5.0,12.92,2.81,123.0,DAVE-SAINT-MARTIN,86.0,36.0,22.0,86.0,31.84,0.08649173955296405
DE HOEK,368,819.88,2.23,75,42.0,6.0,11.41,1.63,124.0,DE HOEK,204.0,192.0,91.0,204.0,167.26,0.12439261418853255
DE PANNE,35,19.5,0.56,7,0.0,0.0,0.0,0.0,125.0,DE PANNE,876.0,601.0,731.0,876.0,17.08,0.03206997084548105
DE PINTE,358,653.62,1.83,74,39.0,6.0,10.89,1.68,126.0,DE PINTE,1569.0,431.0,420.0,1569.0,1025.53,0.17978620019436345
DEINZE,242,632.32,2.61,53,35.0,7.0,14.46,2.89,127.0,DEINZE,2050.0,633.0,739.0,2050.0,1296.26,0.13702623906705538
DEINZE-WIJKSPOREN,237,418.93,1.77,50,27.0,5.0,11.39,2.11,0.0,0,0.0,0.0,0.0,0.0,0.0,0.11467444120505345
DELTA,119,272.27,2.29,24,11.0,3.0,9.24,2.52,0.0,0,0.0,0.0,0.0,0.0,0.0,0.05539358600583091
DENDERLEEUW,589,1210.88,2.06,120,59.0,13.0,10.02,2.21,129.0,DENDERLEEUW,11196.0,2076.0,1843.0,11196.0,13557.01,0.28960155490767736
DENDERMONDE,278,362.55,1.3,56,18.0,2.0,6.47,0.72,130.0,DENDERMONDE,5757.0,1363.0,1492.0,5757.0,2087.2,0.15160349854227406
DIEGEM,804,2721.6,3.39,170,180.0,24.0,22.39,2.99,131.0,DIEGEM,1357.0,453.0,337.0,1357.0,3693.21,0.40816326530612246
DIEPENBEEK,147,209.58,1.43,31,16.0,0.0,10.88,0.0,132.0,DIEPENBEEK,522.0,73.0,75.0,522.0,109.4,0.038872691933916424
DIESDELLE,294,676.17,2.3,60,35.0,5.0,11.9,1.7,0.0,0,0.0,0.0,0.0,0.0,0.0,0.1292517006802721
DIEST,274,674.02,2.46,56,40.0,2.0,14.6,0.73,133.0,DIEST,3072.0,780.0,720.0,3072.0,2070.59,0.09620991253644315
DIKSMUIDE,75,157.47,2.1,15,5.0,3.0,6.67,4.0,134.0,DIKSMUIDE,569.0,244.0,415.0,569.0,89.6,0.04664723032069971
DILBEEK,135,135.8,1.01,27,3.0,0.0,2.22,0.0,135.0,DILBEEK,715.0,139.0,164.0,715.0,97.1,0.05344995140913508
DINANT,95,88.22,0.93,19,1.0,0.0,1.05,0.0,136.0,DINANT,1107.0,403.0,458.0,1107.0,97.66,0.042759961127308066
DOLHAIN-GILEPPE,179,545.17,3.05,37,32.0,7.0,17.88,3.91,137.0,DOLHAIN-GILEPPE,122.0,29.0,19.0,122.0,66.51,0.06899902818270165
DRONGEN,329,298.28,0.91,68,20.0,6.0,6.08,1.82,138.0,DRONGEN,434.0,68.0,84.0,434.0,129.45,0.20116618075801748
DUFFEL,604,2009.53,3.33,128,113.0,25.0,18.71,4.14,139.0,DUFFEL,856.0,328.0,216.0,856.0,1720.16,0.3012633624878523
DUINBERGEN,88,116.38,1.32,18,5.0,0.0,5.68,0.0,140.0,DUINBERGEN,212.0,114.0,118.0,212.0,24.67,0.02040816326530612
ECAUSSINNES,144,288.12,2.0,29,16.0,2.0,11.11,1.39,141.0,ECAUSSINNES,710.0,286.0,257.0,710.0,204.57,0.038872691933916424
EDE,231,629.9,2.73,48,33.0,12.0,14.29,5.19,0.0,0,0.0,0.0,0.0,0.0,0.0,0.12439261418853255
EDINGEN,302,1093.27,3.62,62,63.0,19.0,20.86,6.29,0.0,0,0.0,0.0,0.0,0.0,0.0,0.12342079689018465
EEKLO,35,33.4,0.95,7,2.0,0.0,5.71,0.0,143.0,EEKLO,820.0,326.0,211.0,820.0,27.39,0.021379980563654033
EICHEM,149,397.83,2.67,30,20.0,4.0,13.42,2.68,144.0,EICHEM,93.0,24.0,21.0,93.0,37.0,0.0456754130223518
EINE,120,120.17,1.0,24,4.0,1.0,3.33,0.83,145.0,EINE,491.0,107.0,64.0,491.0,59.0,0.03304178814382896
EKE-NAZARETH,120,179.13,1.49,24,6.0,1.0,5.0,0.83,146.0,EKE-NAZARETH,417.0,90.0,68.0,417.0,74.7,0.052478134110787174
EKEREN,178,553.4,3.11,37,31.0,5.0,17.42,2.81,147.0,EKEREN,1206.0,286.0,285.0,1206.0,667.4,0.09426627793974733
ENGIS,192,435.47,2.27,39,26.0,2.0,13.54,1.04,149.0,ENGIS,175.0,33.0,36.0,175.0,76.21,0.09620991253644315
EPPEGEM,547,1012.55,1.85,112,54.0,5.0,9.87,0.91,150.0,EPPEGEM,871.0,131.0,119.0,871.0,881.93,0.282798833819242
ERBISOEUL,294,873.5,2.97,60,46.0,7.0,15.65,2.38,0.0,0,0.0,0.0,0.0,0.0,0.0,0.12050534499514091
EREMBODEGEM,276,464.93,1.68,56,16.0,2.0,5.8,0.72,152.0,EREMBODEGEM,1001.0,263.0,218.0,1001.0,465.39,0.12147716229348883
ERNAGE,291,862.83,2.97,60,54.0,11.0,18.56,3.78,153.0,ERNAGE,107.0,25.0,22.0,107.0,92.32,0.13411078717201166
ERPE-MERE,48,20.92,0.44,10,0.0,0.0,0.0,0.0,0.0,0,0.0,0.0,0.0,0.0,0.0,0.001943634596695821
ERPS-KWERPS,706,1999.33,2.83,147,137.0,23.0,19.41,3.26,155.0,ERPS-KWERPS,289.0,50.0,54.0,289.0,577.81,0.3848396501457726
ERQUELINNES,47,39.58,0.84,10,0.0,0.0,0.0,0.0,156.0,ERQUELINNES,197.0,93.0,114.0,197.0,7.8,0.023323615160349854
ERQUELINNES-VILLAGE,76,99.43,1.31,16,1.0,0.0,1.32,0.0,157.0,ERQUELINNES-VILLAGE,42.0,11.0,9.0,42.0,4.18,0.019436345966958212
ESNEUX,144,352.17,2.45,29,16.0,2.0,11.11,1.39,158.0,ESNEUX,176.0,60.0,78.0,176.0,61.98,0.052478134110787174
ESSEN,121,256.53,2.12,25,9.0,2.0,7.44,1.65,159.0,ESSEN,1668.0,491.0,442.0,1668.0,427.89,0.05928085519922255
ESSENE-LOMBEEK,135,147.9,1.1,27,3.0,0.0,2.22,0.0,160.0,ESSENE-LOMBEEK,327.0,67.0,56.0,327.0,48.36,0.056365403304178816
ETTERBEEK,671,1806.52,2.69,139,126.0,14.0,18.78,2.09,161.0,ETTERBEEK,7924.0,819.0,693.0,7924.0,14314.86,0.29737609329446063
EUPEN,30,10.12,0.34,6,0.0,0.0,0.0,0.0,162.0,EUPEN,560.0,582.0,420.0,560.0,5.67,0.019436345966958212
EVERE,406,1076.97,2.65,84,59.0,4.0,14.53,0.99,163.0,EVERE,690.0,48.0,31.0,690.0,743.11,0.15451895043731778
EVERGEM,80,111.82,1.4,16,6.0,0.0,7.5,0.0,164.0,EVERGEM,351.0,52.0,76.0,351.0,39.25,0.021379980563654033
EZEMAAL,321,838.88,2.61,68,54.0,4.0,16.82,1.25,165.0,EZEMAAL,233.0,114.0,81.0,233.0,195.46,0.1467444120505345
FAMILLEUREUX,144,254.35,1.77,29,12.0,1.0,8.33,0.69,0.0,0,0.0,0.0,0.0,0.0,0.0,0.05053449951409135
FARCIENNES,227,707.28,3.12,52,40.0,8.0,17.62,3.52,167.0,FARCIENNES,165.0,25.0,25.0,165.0,116.7,0.11661807580174927
FAUX,131,147.67,1.13,29,5.0,0.0,3.82,0.0,168.0,FAUX,153.0,23.0,20.0,153.0,22.59,0.07968901846452867
FEXHE-LE-HAUT-CLOCHER,156,273.75,1.75,33,14.0,3.0,8.97,1.92,0.0,0,0.0,0.0,0.0,0.0,0.0,0.05344995140913508
FLAWINNE,214,471.93,2.21,48,30.0,4.0,14.02,1.87,170.0,FLAWINNE,70.0,8.0,4.0,70.0,33.04,0.10884353741496598
FLEMALLE-ANNEXE,119,148.13,1.24,24,3.0,0.0,2.52,0.0,0.0,0,0.0,0.0,0.0,0.0,0.0,0.029154518950437316
FLEMALLE-GRANDE,198,352.77,1.78,40,21.0,1.0,10.61,0.51,171.0,FLEMALLE-GRANDE,91.0,29.0,22.0,91.0,32.1,0.119533527696793
FLEMALLE-HAUTE,255,485.4,1.9,52,29.0,1.0,11.37,0.39,172.0,FLEMALLE-HAUTE,1198.0,354.0,294.0,1198.0,581.51,0.119533527696793
FLEURUS,133,134.2,1.01,29,2.0,1.0,1.5,0.75,173.0,FLEURUS,420.0,168.0,139.0,420.0,56.36,0.06316812439261418
FLOREE,177,314.75,1.78,37,17.0,4.0,9.6,2.26,0.0,0,0.0,0.0,0.0,0.0,0.0,0.08066083576287658
FLOREFFE,216,598.12,2.77,50,38.0,4.0,17.59,1.85,174.0,FLOREFFE,169.0,35.0,31.0,169.0,101.08,0.08066083576287658
FLORENVILLE,74,131.5,1.78,15,6.0,0.0,8.11,0.0,175.0,FLORENVILLE,160.0,57.0,146.0,160.0,21.04,0.008746355685131196
FLORIVAL,177,187.4,1.06,37,4.0,2.0,2.26,1.13,176.0,FLORIVAL,93.0,9.0,10.0,93.0,17.43,0.07677356656948493
FONTAINE-VALMONT,82,110.28,1.34,17,1.0,0.0,1.22,0.0,177.0,FONTAINE-VALMONT,78.0,27.0,26.0,78.0,8.6,0.029154518950437316
FORCHIES,187,424.2,2.27,38,20.0,8.0,10.7,4.28,178.0,FORCHIES,134.0,32.0,24.0,134.0,56.84,0.08843537414965986
FORRIERES,111,225.32,2.03,23,17.0,4.0,15.32,3.6,181.0,FORRIERES,37.0,43.0,13.0,37.0,8.34,0.05053449951409135
FRAIPONT,241,575.45,2.39,51,40.0,8.0,16.6,3.32,182.0,FRAIPONT,90.0,44.0,35.0,90.0,51.79,0.09620991253644315
FRAMERIES,88,378.72,4.3,20,17.0,4.0,19.32,4.55,0.0,0,0.0,0.0,0.0,0.0,0.0,0.029154518950437316
FRANCHIMONT,64,95.3,1.49,13,1.0,0.0,1.56,0.0,184.0,FRANCHIMONT,303.0,20.0,18.0,303.0,28.88,0.010689990281827016
FRANIERE,216,671.65,3.11,48,44.0,4.0,20.37,1.85,185.0,FRANIERE,138.0,31.0,23.0,138.0,92.69,0.08551992225461613
FROYENNES,194,709.63,3.66,42,47.0,9.0,24.23,4.64,186.0,FROYENNES,863.0,46.0,36.0,863.0,612.41,0.05150631681243926
GALMAARDEN,117,499.25,4.27,24,32.0,8.0,27.35,6.84,187.0,GALMAARDEN,354.0,44.0,52.0,354.0,176.73,0.04470359572400389
GASTUCHE,177,154.68,0.87,37,4.0,2.0,2.26,1.13,188.0,GASTUCHE,227.0,20.0,22.0,227.0,35.11,0.07774538386783285
GAVERE-ASPER,120,156.15,1.3,24,5.0,1.0,4.17,0.83,189.0,GAVERE-ASPER,508.0,109.0,84.0,508.0,79.32,0.042759961127308066
GEDINNE,60,58.63,0.98,12,1.0,0.0,1.67,0.0,190.0,GEDINNE,108.0,47.0,112.0,108.0,6.33,0.022351797862001945
GEDINNE-MARCHANDISES,60,81.08,1.35,12,1.0,0.0,1.67,0.0,0.0,0,0.0,0.0,0.0,0.0,0.0,0.015549076773566569
GEEL,133,314.02,2.36,27,21.0,3.0,15.79,2.26,191.0,GEEL,1686.0,615.0,635.0,1686.0,529.44,0.043731778425655975
GEMBLOUX,317,942.9,2.97,65,56.0,11.0,17.67,3.47,192.0,GEMBLOUX,6738.0,1591.0,1736.0,6738.0,6353.26,0.1467444120505345
GENDRON-CELLES,65,54.83,0.84,13,1.0,0.0,1.54,0.0,193.0,GENDRON-CELLES,25.0,19.0,18.0,25.0,1.37,0.0184645286686103
GENK,45,22.17,0.49,9,0.0,0.0,0.0,0.0,194.0,GENK,888.0,715.0,1422.0,888.0,19.69,0.034013605442176874
GENLY,83,333.18,4.01,19,11.0,4.0,13.25,4.82,0.0,0,0.0,0.0,0.0,0.0,0.0,0.02040816326530612
GENT-DAMPOORT,330,814.38,2.47,66,44.0,6.0,13.33,1.82,196.0,GENT-DAMPOORT,6312.0,2174.0,1811.0,6312.0,5140.37,0.15160349854227406
GENT-SINT-PIETERS,844,1422.58,1.69,174,73.0,14.0,8.65,1.66,197.0,GENT-SINT-PIETERS,55325.0,25486.0,20416.0,55325.0,78704.24,0.49271137026239065
GENT-SINT-PIETERS-BUNDELS,1,0.65,0.65,1,0.0,0.0,0.0,0.0,0.0,0,0.0,0.0,0.0,0.0,0.0,0.0
GENT-ZEEHAVEN,1,0.95,0.95,1,0.0,0.0,0.0,0.0,0.0,0,0.0,0.0,0.0,0.0,0.0,0.0
GENTBRUGGE,330,601.88,1.82,66,33.0,4.0,10.0,1.21,198.0,GENTBRUGGE,460.0,166.0,69.0,460.0,276.86,0.16909620991253643
GENTBRUGGE-PERRON C.W.,320,520.52,1.63,64,28.0,4.0,8.75,1.25,0.0,0,0.0,0.0,0.0,0.0,0.0,0.16326530612244897
GENVAL,379,1205.77,3.18,79,76.0,12.0,20.05,3.17,199.0,GENVAL,1493.0,378.0,391.0,1493.0,1800.21,0.20505344995140914
GERAARDSBERGEN,205,414.9,2.02,42,20.0,4.0,9.76,1.95,200.0,GERAARDSBERGEN,2656.0,857.0,711.0,2656.0,1101.97,0.1292517006802721
GHLIN,294,818.42,2.78,60,44.0,5.0,14.97,1.7,0.0,0,0.0,0.0,0.0,0.0,0.0,0.10301263362487852
GLONS,59,50.25,0.85,12,0.0,0.0,0.0,0.0,203.0,GLONS,113.0,34.0,29.0,113.0,5.68,0.015549076773566569
GODARVILLE,69,67.02,0.97,14,1.0,0.0,1.45,0.0,204.0,GODARVILLE,110.0,25.0,20.0,110.0,7.37,0.02040816326530612
GODINNE,125,213.48,1.71,25,5.0,2.0,4.0,1.6,205.0,GODINNE,367.0,135.0,136.0,367.0,78.35,0.03984450923226433
GONTRODE,110,180.65,1.64,23,9.0,2.0,8.18,1.82,206.0,GONTRODE,152.0,49.0,25.0,152.0,27.46,0.023323615160349854
GOUVY,65,114.37,1.76,13,8.0,2.0,12.31,3.08,207.0,GOUVY,198.0,106.0,120.0,198.0,22.65,0.01749271137026239
GOUY-LEZ-PIETON,69,63.1,0.91,14,2.0,0.0,2.9,0.0,208.0,GOUY-LEZ-PIETON,109.0,15.0,13.0,109.0,6.88,0.014577259475218658
GRAIDE,60,16.75,0.28,12,1.0,0.0,1.67,0.0,209.0,GRAIDE,73.0,56.0,80.0,73.0,1.22,0.015549076773566569
GROENENDAAL,379,1278.23,3.37,79,91.0,12.0,24.01,3.17,210.0,GROENENDAAL,696.0,178.0,181.0,696.0,889.65,0.18075801749271136
GROOT-BIJGAARDEN,140,180.55,1.29,28,6.0,0.0,4.29,0.0,211.0,GROOT-BIJGAARDEN,514.0,101.0,72.0,514.0,92.8,0.047619047619047616
GRUPONT,110,231.57,2.11,23,18.0,5.0,16.36,4.55,212.0,GRUPONT,41.0,31.0,22.0,41.0,9.49,0.04178814382896016
HAACHT,165,304.27,1.84,35,18.0,3.0,10.91,1.82,213.0,HAACHT,685.0,166.0,182.0,685.0,208.42,0.06025267249757046
HAACHT-WIJKSPOOR,165,312.02,1.89,35,19.0,3.0,11.52,1.82,0.0,0,0.0,0.0,0.0,0.0,0.0,0.043731778425655975
HAALTERT,231,593.38,2.57,48,30.0,11.0,12.99,4.76,214.0,HAALTERT,457.0,122.0,130.0,457.0,271.17,0.11661807580174927
HABAY,131,237.0,1.81,27,10.0,1.0,7.63,0.76,215.0,HABAY,46.0,23.0,30.0,46.0,10.9,0.03304178814382896
HAININ,78,262.78,3.37,16,15.0,2.0,19.23,2.56,216.0,HAININ,100.0,39.0,32.0,100.0,26.28,0.023323615160349854
HALANZY,75,112.53,1.5,15,8.0,0.0,10.67,0.0,0.0,0,0.0,0.0,0.0,0.0,0.0,0.01652089407191448
HALLE,892,3239.02,3.63,185,172.0,42.0,19.28,4.71,218.0,HALLE,9424.0,2018.0,1607.0,9424.0,30524.52,0.337220602526725
HALLE-GOEDEREN,42,124.13,2.96,11,6.0,1.0,14.29,2.38,0.0,0,0.0,0.0,0.0,0.0,0.0,0.015549076773566569
HAM-SUR-HEURE,73,58.73,0.8,16,3.0,0.0,4.11,0.0,219.0,HAM-SUR-HEURE,67.0,13.0,32.0,67.0,3.93,0.02040816326530612
HAM-SUR-SAMBRE,216,573.02,2.65,48,43.0,5.0,19.91,2.31,0.0,0,0.0,0.0,0.0,0.0,0.0,0.08357628765792031
HAMBOS,165,312.77,1.9,35,18.0,3.0,10.91,1.82,0.0,0,0.0,0.0,0.0,0.0,0.0,0.05150631681243926
HAMOIR,69,86.55,1.25,14,1.0,0.0,1.45,0.0,221.0,HAMOIR,208.0,65.0,56.0,208.0,18.0,0.026239067055393587
HAMONT,30,17.08,0.57,6,0.0,0.0,0.0,0.0,222.0,HAMONT,171.0,45.0,121.0,171.0,2.92,0.019436345966958212
HANSBEKE,330,403.55,1.22,68,20.0,7.0,6.06,2.12,223.0,HANSBEKE,246.0,62.0,62.0,246.0,99.27,0.20699708454810495
HARCHIES,146,342.72,2.35,30,20.0,7.0,13.7,4.79,0.0,0,0.0,0.0,0.0,0.0,0.0,0.0641399416909621
HARELBEKE,156,453.8,2.91,35,25.0,5.0,16.03,3.21,225.0,HARELBEKE,1076.0,402.0,436.0,1076.0,488.29,0.08649173955296405
HAREN,405,968.8,2.39,84,47.0,3.0,11.6,0.74,226.0,HAREN,276.0,25.0,12.0,276.0,267.39,0.14868804664723032
HAREN-ZUID,678,2374.7,3.5,145,167.0,23.0,24.63,3.39,0.0,0,0.0,0.0,0.0,0.0,0.0,0.35179786200194363
HASSELT,334,637.03,1.91,68,41.0,2.0,12.28,0.6,228.0,HASSELT,7279.0,2839.0,2777.0,7279.0,4636.94,0.20116618075801748
HATRIVAL,110,235.12,2.14,23,16.0,3.0,14.55,2.73,0.0,0,0.0,0.0,0.0,0.0,0.0,0.04178814382896016
HAUTE-FLONE,192,435.4,2.27,39,25.0,3.0,13.02,1.56,229.0,HAUTE-FLONE,99.0,26.0,13.0,99.0,43.1,0.11661807580174927
HAVERSIN,117,187.6,1.6,25,17.0,2.0,14.53,1.71,230.0,HAVERSIN,90.0,28.0,18.0,90.0,16.88,0.0728862973760933
HAVINNES,148,398.98,2.7,30,25.0,6.0,16.89,4.05,0.0,0,0.0,0.0,0.0,0.0,0.0,0.04859086491739553
HAVRE,186,342.4,1.84,38,20.0,7.0,10.75,3.76,231.0,HAVRE,90.0,8.0,24.0,90.0,30.82,0.09329446064139942
HEIDE,175,551.12,3.15,37,31.0,3.0,17.71,1.71,232.0,HEIDE,1149.0,348.0,332.0,1149.0,633.24,0.07482993197278912
HEIST,87,113.78,1.31,18,7.0,0.0,8.05,0.0,233.0,HEIST,414.0,208.0,258.0,414.0,47.1,0.03012633624878523
HEIST-OP-DEN-BERG,188,515.22,2.74,39,30.0,4.0,15.96,2.13,234.0,HEIST-OP-DEN-BERG,1744.0,896.0,762.0,1744.0,898.54,0.0641399416909621
HEIZIJDE,179,621.0,3.47,36,38.0,7.0,21.23,3.91,235.0,HEIZIJDE,276.0,42.0,30.0,276.0,171.4,0.07482993197278912
HEMIKSEM,114,252.63,2.22,24,12.0,3.0,10.53,2.63,236.0,HEMIKSEM,262.0,42.0,68.0,262.0,66.19,0.04664723032069971
HENNUYERES,348,996.8,2.86,73,63.0,7.0,18.1,2.01,237.0,HENNUYERES,438.0,125.0,88.0,438.0,436.6,0.15451895043731778
HENNUYERES-GARAGE,348,889.13,2.55,73,61.0,7.0,17.53,2.01,0.0,0,0.0,0.0,0.0,0.0,0.0,0.15743440233236153
HERENT,705,2465.23,3.5,147,162.0,26.0,22.98,3.69,238.0,HERENT,605.0,127.0,112.0,605.0,1491.46,0.3654033041788144
HERENTALS,268,683.28,2.55,55,38.0,7.0,14.18,2.61,239.0,HERENTALS,3881.0,1161.0,1115.0,3881.0,2651.81,0.10787172011661808
HERGENRATH,107,707.57,6.61,23,34.0,11.0,31.78,10.28,240.0,HERGENRATH,43.0,24.0,15.0,43.0,30.43,0.04859086491739553
HERMALLE-SOUS-HUY,192,417.37,2.17,39,26.0,2.0,13.54,1.04,0.0,0,0.0,0.0,0.0,0.0,0.0,0.119533527696793
HERNE,117,495.03,4.23,24,30.0,8.0,25.64,6.84,241.0,HERNE,326.0,65.0,63.0,326.0,161.38,0.0456754130223518
HERSEAUX,121,392.42,3.24,26,27.0,5.0,22.31,4.13,242.0,HERSEAUX,576.0,215.0,165.0,576.0,226.03,0.04081632653061224
HERSTAL,332,497.45,1.5,69,24.0,0.0,7.23,0.0,243.0,HERSTAL,328.0,282.0,202.0,328.0,163.16,0.1360544217687075
HERZELE,231,582.1,2.52,48,31.0,11.0,13.42,4.76,244.0,HERZELE,459.0,125.0,133.0,459.0,267.18,0.09426627793974733
HEUSDEN,59,143.53,2.43,12,11.0,1.0,18.64,1.69,245.0,HEUSDEN,148.0,64.0,55.0,148.0,21.24,0.019436345966958212
HEVER,165,329.87,2.0,35,18.0,3.0,10.91,1.82,0.0,0,0.0,0.0,0.0,0.0,0.0,0.07482993197278912
HEVERLEE,177,176.57,1.0,37,5.0,2.0,2.82,1.13,247.0,HEVERLEE,533.0,37.0,43.0,533.0,94.11,0.06608357628765792
HILLEGEM,231,538.92,2.33,48,29.0,7.0,12.55,3.03,0.0,0,0.0,0.0,0.0,0.0,0.0,0.11467444120505345
HOBOKEN-POLDER,117,235.48,2.01,24,13.0,3.0,11.11,2.56,249.0,HOBOKEN-POLDER,344.0,102.0,89.0,344.0,81.01,0.0641399416909621
HOEILAART,379,1337.17,3.53,79,95.0,12.0,25.07,3.17,250.0,HOEILAART,234.0,116.0,113.0,234.0,312.9,0.21379980563654033
HOLLEKEN,372,780.52,2.1,75,36.0,6.0,9.68,1.61,252.0,HOLLEKEN,170.0,165.0,86.0,170.0,132.69,0.1554907677356657
HONY,144,301.88,2.1,29,15.0,2.0,10.42,1.39,253.0,HONY,36.0,19.0,18.0,36.0,10.87,0.04664723032069971
HOURAING,79,254.77,3.22,16,16.0,2.0,20.25,2.53,254.0,HOURAING,144.0,32.0,25.0,144.0,36.69,0.0369290573372206
HOURPES,83,99.53,1.2,17,3.0,0.0,3.61,0.0,0.0,0,0.0,0.0,0.0,0.0,0.0,0.024295432458697766
HOUYET,65,82.37,1.27,13,2.0,0.0,3.08,0.0,256.0,HOUYET,91.0,48.0,40.0,91.0,7.5,0.023323615160349854
HOVE,524,1761.92,3.36,112,86.0,23.0,16.41,4.39,257.0,HOVE,523.0,112.0,150.0,523.0,921.48,0.3206997084548105
HUIZINGEN,176,397.47,2.26,36,21.0,3.0,11.93,1.7,0.0,0,0.0,0.0,0.0,0.0,0.0,0.06316812439261418
HUY,197,483.97,2.46,40,28.0,5.0,14.21,2.54,259.0,HUY,2058.0,719.0,592.0,2058.0,996.01,0.1185617103984451
IDDERGEM,149,424.42,2.85,30,24.0,4.0,16.11,2.68,260.0,IDDERGEM,177.0,44.0,45.0,177.0,75.12,0.04470359572400389
IDEGEM,144,393.97,2.74,29,23.0,4.0,15.97,2.78,261.0,IDEGEM,199.0,43.0,34.0,199.0,78.4,0.043731778425655975
IEPER,84,246.42,2.93,17,11.0,2.0,13.1,2.38,262.0,IEPER,1190.0,613.0,718.0,1190.0,293.24,0.037900874635568516
INGELMUNSTER,146,460.33,3.15,31,16.0,3.0,10.96,2.05,263.0,INGELMUNSTER,782.0,200.0,186.0,782.0,359.98,0.06511175898931001
IZEGEM,146,570.3,3.91,31,18.0,5.0,12.33,3.42,264.0,IZEGEM,1343.0,368.0,397.0,1343.0,765.91,0.0728862973760933
IZEGEM-SAS,146,531.02,3.64,31,17.0,5.0,11.64,3.42,0.0,0,0.0,0.0,0.0,0.0,0.0,0.06899902818270165
JAMBES,175,230.4,1.32,37,7.0,4.0,4.0,2.29,265.0,JAMBES,1118.0,429.0,300.0,1118.0,257.59,0.08163265306122448
JAMBES-EST,172,343.37,2.0,36,20.0,5.0,11.63,2.91,266.0,JAMBES-EST,129.0,44.0,23.0,129.0,44.29,0.0826044703595724
JAMIOULX,78,35.4,0.45,17,1.0,0.0,1.28,0.0,267.0,JAMIOULX,35.0,11.0,14.0,35.0,1.24,0.02040816326530612
JAVA,192,446.67,2.33,39,24.0,3.0,12.5,1.56,0.0,0,0.0,0.0,0.0,0.0,0.0,0.0923226433430515
JEMAPPES,231,660.28,2.86,47,39.0,10.0,16.88,4.33,268.0,JEMAPPES,526.0,210.0,159.0,526.0,347.31,0.10301263362487852
JEMEPPE-FROIDMONT,45,54.77,1.22,9,2.0,0.0,4.44,0.0,0.0,0,0.0,0.0,0.0,0.0,0.0,0.001943634596695821
JEMEPPE-SUR-MEUSE,198,352.85,1.78,40,23.0,1.0,11.62,0.51,269.0,JEMEPPE-SUR-MEUSE,132.0,27.0,22.0,132.0,46.58,0.1000971817298348
JEMEPPE-SUR-SAMBRE,238,568.23,2.39,53,42.0,4.0,17.65,1.68,270.0,JEMEPPE-SUR-SAMBRE,343.0,200.0,157.0,343.0,194.9,0.11078717201166181
JEMEPPE-SUR-SAMBRE-MARCHANDISE,220,508.43,2.31,49,36.0,4.0,16.36,1.82,0.0,0,0.0,0.0,0.0,0.0,0.0,0.14480077745383868
JETTE,319,844.28,2.65,64,57.0,7.0,17.87,2.19,271.0,JETTE,3484.0,726.0,585.0,3484.0,2941.47,0.15160349854227406
JURBISE,293,992.4,3.39,60,51.0,7.0,17.41,2.39,272.0,JURBISE,1596.0,1931.0,1726.0,1596.0,1583.87,0.13411078717201166
JUSLENVILLE,64,94.98,1.48,13,2.0,0.0,3.12,0.0,273.0,JUSLENVILLE,119.0,37.0,35.0,119.0,11.3,0.010689990281827016
KALMTHOUT,174,498.03,2.86,37,27.0,3.0,15.52,1.72,274.0,KALMTHOUT,1016.0,258.0,287.0,1016.0,506.0,0.07191448007774538
KAPELLE-OP-DEN-BOS,142,297.8,2.1,29,18.0,1.0,12.68,0.7,275.0,KAPELLE-OP-DEN-BOS,452.0,144.0,140.0,452.0,134.61,0.07580174927113703
KAPELLEN,176,689.68,3.92,37,35.0,5.0,19.89,2.84,276.0,KAPELLEN,1412.0,390.0,437.0,1412.0,973.83,0.10787172011661808
KAPELLEN-WIJKSPOOR,178,515.5,2.9,37,29.0,3.0,16.29,1.69,0.0,0,0.0,0.0,0.0,0.0,0.0,0.07482993197278912
KESSEL,295,684.2,2.32,60,35.0,9.0,11.86,3.05,277.0,KESSEL,443.0,146.0,141.0,443.0,303.1,0.07968901846452867
KIEWIT,84,217.28,2.59,17,15.0,1.0,17.86,1.19,278.0,KIEWIT,670.0,107.0,219.0,670.0,145.58,0.03206997084548105
KIJKUIT,177,535.17,3.02,37,29.0,3.0,16.38,1.69,279.0,KIJKUIT,207.0,88.0,78.0,207.0,110.78,0.07191448007774538
KINKEMPOIS-RELAIS,118,30.43,0.26,24,1.0,0.0,0.85,0.0,0.0,0,0.0,0.0,0.0,0.0,0.0,0.024295432458697766
KNOKKE,44,43.65,0.99,9,1.0,0.0,2.27,0.0,280.0,KNOKKE,786.0,778.0,971.0,786.0,34.31,0.023323615160349854
KOKSIJDE,75,137.17,1.83,15,4.0,1.0,5.33,1.33,281.0,KOKSIJDE,296.0,114.0,313.0,296.0,40.6,0.024295432458697766
KOMEN,89,293.57,3.3,18,13.0,2.0,14.61,2.25,0.0,0,0.0,0.0,0.0,0.0,0.0,0.028182701652089408
KONTICH-LINT,524,1716.38,3.28,112,88.0,24.0,16.79,4.58,282.0,KONTICH-LINT,979.0,275.0,339.0,979.0,1680.34,0.28668610301263364
KORTEMARK,75,157.15,2.1,15,10.0,1.0,13.33,1.33,283.0,KORTEMARK,524.0,178.0,373.0,524.0,82.35,0.03206997084548105
KORTENBERG,705,2410.53,3.42,147,162.0,24.0,22.98,3.4,284.0,KORTENBERG,751.0,170.0,122.0,751.0,1810.31,0.3741496598639456
KORTENBERG-GOEDEREN,291,699.65,2.4,65,54.0,8.0,18.56,2.75,0.0,0,0.0,0.0,0.0,0.0,0.0,0.15354713313896987
KORTRIJK,345,777.63,2.25,73,33.0,8.0,9.57,2.32,285.0,KORTRIJK,8581.0,4058.0,4081.0,8581.0,6672.84,0.18172983479105928
KWATRECHT,265,357.88,1.35,54,17.0,3.0,6.42,1.13,286.0,KWATRECHT,84.0,43.0,54.0,84.0,30.06,0.14285714285714285
LA HULPE,379,1219.92,3.22,79,80.0,12.0,21.11,3.17,287.0,LA HULPE,1305.0,331.0,321.0,1305.0,1592.0,0.20894071914480078
LA LOUVIERE-CENTRE,189,294.42,1.56,38,10.0,1.0,5.29,0.53,288.0,LA LOUVIERE-CENTRE,1330.0,935.0,704.0,1330.0,391.58,0.04470359572400389
LA LOUVIERE-GARE INDUSTRIELLE,188,222.67,1.18,38,8.0,1.0,4.26,0.53,0.0,0,0.0,0.0,0.0,0.0,0.0,0.05539358600583091
LA LOUVIERE-SUD,314,595.9,1.9,64,31.0,9.0,9.87,2.87,289.0,LA LOUVIERE-SUD,3124.0,1148.0,1293.0,3124.0,1861.59,0.12633624878522837
LA ROCHE(BRABANT),131,33.52,0.26,29,0.0,0.0,0.0,0.0,0.0,0,0.0,0.0,0.0,0.0,0.0,0.07580174927113703
LABUISSIERE,82,109.62,1.34,17,1.0,0.0,1.22,0.0,291.0,LABUISSIERE,70.0,20.0,15.0,70.0,7.67,0.015549076773566569
LANDEGEM,330,245.25,0.74,68,20.0,6.0,6.06,1.82,292.0,LANDEGEM,654.0,108.0,101.0,654.0,160.39,0.22740524781341107
LANDELIES,81,117.98,1.46,17,1.0,0.0,1.23,0.0,293.0,LANDELIES,59.0,12.0,9.0,59.0,6.96,0.0184645286686103
LANDEN,300,807.2,2.69,63,45.0,4.0,15.0,1.33,294.0,LANDEN,3448.0,1353.0,1305.0,3448.0,2783.23,0.16229348882410108
LANDSKOUTER,110,180.98,1.65,23,8.0,2.0,7.27,1.82,0.0,0,0.0,0.0,0.0,0.0,0.0,0.023323615160349854
LANGDORP,275,608.93,2.21,56,44.0,2.0,16.0,0.73,296.0,LANGDORP,220.0,72.0,98.0,220.0,133.96,0.12439261418853255
LAUWE,127,158.38,1.25,27,12.0,0.0,9.45,0.0,0.0,0,0.0,0.0,0.0,0.0,0.0,0.023323615160349854
LE CAMPINAIRE,224,734.75,3.28,48,40.0,9.0,17.86,4.02,0.0,0,0.0,0.0,0.0,0.0,0.0,0.13022351797862003
LEBBEKE,179,629.53,3.52,36,37.0,8.0,20.67,4.47,298.0,LEBBEKE,401.0,68.0,54.0,401.0,252.44,0.07968901846452867
LEDE,137,340.83,2.49,28,18.0,3.0,13.14,2.19,299.0,LEDE,1435.0,445.0,404.0,1435.0,489.09,0.07580174927113703
LEIGNON,118,200.75,1.7,25,18.0,3.0,15.25,2.54,300.0,LEIGNON,45.0,22.0,8.0,45.0,9.03,0.05539358600583091
LEMAN,198,354.2,1.79,40,22.0,1.0,11.11,0.51,0.0,0,0.0,0.0,0.0,0.0,0.0,0.1010689990281827
LEMBEEK,349,989.25,2.83,73,57.0,4.0,16.33,1.15,302.0,LEMBEEK,601.0,201.0,133.0,601.0,594.54,0.17006802721088435
LENS,91,213.03,2.34,20,11.0,1.0,12.09,1.1,303.0,LENS,177.0,46.0,28.0,177.0,37.71,0.037900874635568516
LEOPOLDSBURG,59,158.3,2.68,12,12.0,1.0,20.34,1.69,304.0,LEOPOLDSBURG,380.0,220.0,110.0,380.0,60.15,0.02040816326530612
LESSINES,79,252.57,3.2,16,14.0,1.0,17.72,1.27,305.0,LESSINES,629.0,174.0,134.0,629.0,158.87,0.025267249757045675
LEUVEN,852,2166.87,2.54,178,115.0,18.0,13.5,2.11,306.0,LEUVEN,34688.0,13676.0,11375.0,34688.0,75164.39,0.4684159378036929
LEUVEN-BUNDEL M,6,11.85,1.98,6,1.0,0.0,16.67,0.0,0.0,0,0.0,0.0,0.0,0.0,0.0,0.0
LEUZE,148,537.98,3.64,30,31.0,8.0,20.95,5.41,307.0,LEUZE,2087.0,392.0,409.0,2087.0,1122.76,0.04956268221574344
LEVAL,70,80.85,1.16,15,6.0,0.0,8.57,0.0,308.0,LEVAL,138.0,47.0,33.0,138.0,11.16,0.027210884353741496
LIBRAMONT,181,340.35,1.88,37,17.0,4.0,9.39,2.21,309.0,LIBRAMONT,1995.0,905.0,1510.0,1995.0,679.0,0.06997084548104957
LICHTERVELDE,230,936.32,4.07,47,36.0,12.0,15.65,5.22,310.0,LICHTERVELDE,3300.0,2096.0,2322.0,3300.0,3089.86,0.1000971817298348
LIEDEKERKE,504,1124.43,2.23,103,52.0,10.0,10.32,1.98,311.0,LIEDEKERKE,2143.0,727.0,679.0,2143.0,2409.65,0.2303206997084548
LIEGE-CARRE,417,914.07,2.19,86,46.0,1.0,11.03,0.24,312.0,LIEGE-CARRE,1371.0,511.0,349.0,1371.0,1253.19,0.1827016520894072
LIEGE-GUILLEMINS,793,2108.82,2.66,163,100.0,18.0,12.61,2.27,313.0,LIEGE-GUILLEMINS,17931.0,12964.0,11376.0,17931.0,37813.25,0.3624878522837707
LIEGE-SAINT-LAMBERT,379,718.13,1.89,78,26.0,0.0,6.86,0.0,314.0,LIEGE-SAINT-LAMBERT,2840.0,1463.0,1109.0,2840.0,2039.49,0.1661807580174927
LIER,483,1070.07,2.22,99,52.0,9.0,10.77,1.86,315.0,LIER,5724.0,2037.0,2092.0,5724.0,6125.08,0.14480077745383868
LIERDE,112,189.55,1.69,23,9.0,1.0,8.04,0.89,316.0,LIERDE,469.0,98.0,96.0,469.0,88.9,0.03498542274052478
LIERS,239,70.55,0.3,50,9.0,0.0,3.77,0.0,317.0,LIERS,266.0,111.0,71.0,266.0,18.77,0.10495626822157435
LIERS-FAISCEAU,58,-49.1,-0.85,13,1.0,0.0,1.72,0.0,0.0,0,0.0,0.0,0.0,0.0,0.0,0.03595724003887269
LIGNY,132,85.07,0.64,29,2.0,1.0,1.52,0.76,318.0,LIGNY,159.0,32.0,24.0,159.0,13.53,0.07968901846452867
LILLOIS,369,859.2,2.33,75,46.0,4.0,12.47,1.08,319.0,LILLOIS,615.0,174.0,99.0,615.0,528.41,0.1477162293488824
LIMAL,234,543.13,2.32,50,26.0,3.0,11.11,1.28,320.0,LIMAL,328.0,17.0,22.0,328.0,178.15,0.10592808551992225
LINKEBEEK,368,636.8,1.73,75,29.0,6.0,7.88,1.63,321.0,LINKEBEEK,1086.0,363.0,276.0,1086.0,691.56,0.1652089407191448
LISSEWEGE,79,105.3,1.33,16,0.0,0.0,0.0,0.0,322.0,LISSEWEGE,207.0,30.0,51.0,207.0,21.8,0.021379980563654033
LOBBES,82,69.45,0.85,17,2.0,0.0,2.44,0.0,323.0,LOBBES,126.0,38.0,41.0,126.0,8.75,0.027210884353741496
LOBBES-GARAGE,82,52.58,0.64,17,2.0,0.0,2.44,0.0,0.0,0,0.0,0.0,0.0,0.0,0.0,0.0184645286686103
LODELINSART,134,127.78,0.95,29,4.0,2.0,2.99,1.49,324.0,LODELINSART,107.0,25.0,17.0,107.0,13.67,0.07871720116618076
LOKEREN,335,661.95,1.98,67,32.0,2.0,9.55,0.6,325.0,LOKEREN,5249.0,2318.0,1381.0,5249.0,3474.58,0.1467444120505345
LOKEREN-OOST,310,399.2,1.29,62,18.0,2.0,5.81,0.65,0.0,0,0.0,0.0,0.0,0.0,0.0,0.15160349854227406
LOMMEL,67,317.1,4.73,14,24.0,2.0,35.82,2.99,326.0,LOMMEL,449.0,140.0,283.0,449.0,142.38,0.03012633624878523
LONDERZEEL,141,274.32,1.95,29,15.0,2.0,10.64,1.42,327.0,LONDERZEEL,960.0,191.0,210.0,960.0,263.35,0.04956268221574344
LONZEE,287,853.57,2.97,59,54.0,11.0,18.82,3.83,328.0,LONZEE,148.0,22.0,11.0,148.0,126.33,0.13411078717201166
LOT,425,1298.27,3.05,95,86.0,15.0,20.24,3.53,329.0,LOT,586.0,239.0,155.0,586.0,760.79,0.19630709426627793
LOUVAIN-LA-NEUVE,86,68.98,0.8,18,2.0,0.0,2.33,0.0,330.0,LOUVAIN-LA-NEUVE,6237.0,2753.0,1495.0,6237.0,430.23,0.047619047619047616
LUSTIN,125,218.08,1.74,25,6.0,3.0,4.8,2.4,331.0,LUSTIN,392.0,183.0,173.0,392.0,85.49,0.056365403304178816
LUTTRE,235,463.4,1.97,48,23.0,2.0,9.79,0.85,332.0,LUTTRE,1994.0,520.0,433.0,1994.0,924.02,0.11175898931000972
MACHELEN,6,34.22,5.7,5,3.0,0.0,50.0,0.0,0.0,0,0.0,0.0,0.0,0.0,0.0,0.010689990281827016
MAFFLE,91,219.93,2.42,20,13.0,2.0,14.29,2.2,333.0,MAFFLE,167.0,41.0,30.0,167.0,36.73,0.037900874635568516
MALDEREN,142,312.93,2.2,29,17.0,2.0,11.97,1.41,334.0,MALDEREN,400.0,135.0,134.0,400.0,125.17,0.062196307094266275
MANAGE,75,91.5,1.22,15,2.0,0.0,2.67,0.0,335.0,MANAGE,289.0,55.0,53.0,289.0,26.44,0.026239067055393587
MARBEHAN,131,280.3,2.14,27,10.0,1.0,7.63,0.76,336.0,MARBEHAN,555.0,343.0,898.0,555.0,155.57,0.0369290573372206
MARCHE-EN-FAMENNE,70,49.15,0.7,14,1.0,0.0,1.43,0.0,337.0,MARCHE-EN-FAMENNE,356.0,97.0,145.0,356.0,17.5,0.019436345966958212
MARCHE-LES-DAMES,192,434.28,2.26,39,26.0,3.0,13.54,1.56,338.0,MARCHE-LES-DAMES,64.0,6.0,11.0,64.0,27.79,0.08940719144800778
MARCHE-LES-DAMES-MARCHANDISES,192,447.3,2.33,39,28.0,2.0,14.58,1.04,0.0,0,0.0,0.0,0.0,0.0,0.0,0.11467444120505345
MARCHE-LEZ-ECAUSSINNES,144,279.2,1.94,29,13.0,1.0,9.03,0.69,0.0,0,0.0,0.0,0.0,0.0,0.0,0.047619047619047616
MARCHIENNE-AU-PONT,379,845.95,2.23,77,40.0,11.0,10.55,2.9,340.0,MARCHIENNE-AU-PONT,1490.0,624.0,534.0,1490.0,1260.47,0.16423712342079688
MARCHIENNE-ZONE,83,75.82,0.91,17,0.0,0.0,0.0,0.0,341.0,MARCHIENNE-ZONE,19.0,3.0,9.0,19.0,1.44,0.01749271137026239
MARIA-AALTER,331,339.45,1.03,68,24.0,5.0,7.25,1.51,342.0,MARIA-AALTER,205.0,70.0,55.0,205.0,69.59,0.18756073858114675
MARIEMBOURG,62,62.07,1.0,13,1.0,0.0,1.61,0.0,343.0,MARIEMBOURG,397.0,163.0,297.0,397.0,24.64,0.012633624878522837
MARLOIE,172,316.97,1.84,36,16.0,3.0,9.3,1.74,344.0,MARLOIE,1527.0,825.0,1006.0,1527.0,484.01,0.08551992225461613
MASNUY-SAINT-PIERRE,206,698.68,3.39,44,36.0,4.0,17.48,1.94,0.0,0,0.0,0.0,0.0,0.0,0.0,0.1000971817298348
MAUBRAY,143,308.22,2.16,29,19.0,4.0,13.29,2.8,0.0,0,0.0,0.0,0.0,0.0,0.0,0.04956268221574344
MAZY,45,43.95,0.98,9,2.0,0.0,4.44,0.0,0.0,0,0.0,0.0,0.0,0.0,0.0,0.0029154518950437317
MECHELEN,898,2966.23,3.3,188,167.0,33.0,18.6,3.67,348.0,MECHELEN,21616.0,10321.0,9731.0,21616.0,64118.03,0.4586977648202138
MECHELEN-NEKKERSPOEL,604,2259.5,3.74,128,123.0,28.0,20.36,4.64,349.0,MECHELEN-NEKKERSPOEL,2180.0,1117.0,855.0,2180.0,4925.71,0.3498542274052478
MEISER,407,1026.0,2.52,84,60.0,5.0,14.74,1.23,350.0,MEISER,761.0,58.0,32.0,761.0,780.79,0.20602526724975703
MELKOUWEN,190,441.92,2.33,39,28.0,4.0,14.74,2.11,351.0,MELKOUWEN,201.0,87.0,71.0,201.0,88.83,0.06705539358600583
MELLE,387,560.58,1.45,79,32.0,5.0,8.27,1.29,352.0,MELLE,898.0,201.0,164.0,898.0,503.4,0.18172983479105928
MELREUX-HOTTON,70,76.35,1.09,14,2.0,0.0,2.86,0.0,353.0,MELREUX-HOTTON,334.0,81.0,165.0,334.0,25.5,0.0184645286686103
MELSELE,300,486.63,1.62,60,23.0,2.0,7.67,0.67,0.0,0,0.0,0.0,0.0,0.0,0.0,0.1098153547133139
MENEN,89,243.37,2.73,18,11.0,2.0,12.36,2.25,355.0,MENEN,864.0,424.0,364.0,864.0,210.27,0.03595724003887269
MERCHTEM,179,594.47,3.32,36,40.0,7.0,22.35,3.91,356.0,MERCHTEM,799.0,180.0,179.0,799.0,474.98,0.07677356656948493
MERELBEKE,385,525.53,1.37,79,31.0,5.0,8.05,1.3,357.0,MERELBEKE,828.0,214.0,149.0,828.0,435.14,0.14285714285714285
MERODE,120,359.37,2.99,24,18.0,3.0,15.0,2.5,0.0,0,0.0,0.0,0.0,0.0,0.0,0.038872691933916424
MERY,139,305.42,2.2,28,16.0,2.0,11.51,1.44,359.0,MERY,59.0,22.0,10.0,59.0,18.02,0.042759961127308066
MESSANCY,69,77.8,1.13,14,4.0,0.0,5.8,0.0,0.0,0,0.0,0.0,0.0,0.0,0.0,0.007774538386783284
MEVERGNIES-ATTRE,91,209.52,2.3,20,12.0,2.0,13.19,2.2,0.0,0,0.0,0.0,0.0,0.0,0.0,0.03984450923226433
MILMORT,300,333.7,1.11,63,17.0,0.0,5.67,0.0,362.0,MILMORT,373.0,89.0,63.0,373.0,124.47,0.11078717201166181
MOENSBERG,429,840.12,1.96,87,49.0,9.0,11.42,2.1,0.0,0,0.0,0.0,0.0,0.0,0.0,0.21282798833819241
MOESKROEN,151,289.1,1.91,32,18.0,2.0,11.92,1.32,0.0,0,0.0,0.0,0.0,0.0,0.0,0.03984450923226433
MOL,129,408.27,3.16,26,28.0,2.0,21.71,1.55,364.0,MOL,2186.0,1450.0,1578.0,2186.0,892.48,0.07094266277939747
MOLLEM,179,665.9,3.72,36,41.0,7.0,22.91,3.91,365.0,MOLLEM,280.0,73.0,66.0,280.0,186.45,0.09718172983479106
MOMALLE,157,240.43,1.53,34,15.0,3.0,9.55,1.91,366.0,MOMALLE,111.0,14.0,14.0,111.0,26.69,0.05053449951409135
MONS,399,1225.48,3.07,83,64.0,12.0,16.04,3.01,367.0,MONS,9820.0,3839.0,2498.0,9820.0,12034.21,0.19436345966958213
MONT-SAINT-GUIBERT,294,836.5,2.85,61,54.0,10.0,18.37,3.4,368.0,MONT-SAINT-GUIBERT,445.0,73.0,61.0,445.0,372.24,0.16229348882410108
MOORTSELE,106,146.33,1.38,22,7.0,2.0,6.6,1.89,369.0,MOORTSELE,157.0,26.0,21.0,157.0,22.97,0.021379980563654033
MORLANWELZ,184,405.83,2.21,38,22.0,7.0,11.96,3.8,370.0,MORLANWELZ,288.0,47.0,27.0,288.0,116.88,0.0923226433430515
MORTSEL,892,2343.27,2.63,187,110.0,27.0,12.33,3.03,371.0,MORTSEL,548.0,106.0,67.0,548.0,1284.11,0.3469387755102041
MORTSEL-LIERSESTEENWEG,119,209.62,1.76,25,11.0,0.0,9.24,0.0,373.0,MORTSEL-LIERSESTEENWEG,197.0,45.0,1.0,197.0,41.3,0.06316812439261418
MORTSEL-OUDE GOD,403,1597.87,3.96,87,76.0,24.0,18.86,5.96,0.0,0,0.0,0.0,0.0,0.0,0.0,0.17978620019436345
MOUSTIER,216,544.33,2.52,48,39.0,4.0,18.06,1.85,376.0,MOUSTIER,183.0,48.0,36.0,183.0,99.61,0.09329446064139942
MOUSTIER-GARAGE,216,577.78,2.67,48,43.0,4.0,19.91,1.85,0.0,0,0.0,0.0,0.0,0.0,0.0,0.09912536443148688
MOUTERIJ,362,726.77,2.01,84,45.0,1.0,12.43,0.28,0.0,0,0.0,0.0,0.0,0.0,0.0,0.17103984450923226
MUIZEN,165,359.22,2.18,35,19.0,3.0,11.52,1.82,377.0,MUIZEN,204.0,75.0,99.0,204.0,73.28,0.06899902818270165
MUNKZWALM,196,470.42,2.4,42,26.0,9.0,13.27,4.59,378.0,MUNKZWALM,225.0,70.0,80.0,225.0,105.84,0.0641399416909621
NAMECHE,192,467.93,2.44,39,28.0,3.0,14.58,1.56,379.0,NAMECHE,122.0,10.0,15.0,122.0,57.09,0.08454810495626822
NAMUR,544,1226.43,2.25,116,67.0,13.0,12.32,2.39,380.0,NAMUR,21768.0,8718.0,7657.0,21768.0,26696.93,0.28668610301263364
NAMUR-HERBATTE,591,1005.45,1.7,125,61.0,12.0,10.32,2.03,0.0,0,0.0,0.0,0.0,0.0,0.0,0.2565597667638484
NANINNE,179,330.03,1.84,37,20.0,5.0,11.17,2.79,381.0,NANINNE,179.0,55.0,27.0,179.0,59.08,0.07580174927113703
NATOYE,178,318.45,1.79,37,19.0,3.0,10.67,1.69,382.0,NATOYE,181.0,68.0,43.0,181.0,57.64,0.07774538386783285
NEERPELT,60,206.1,3.44,12,15.0,1.0,25.0,1.67,383.0,NEERPELT,344.0,103.0,266.0,344.0,70.9,0.03206997084548105
NEERWINDEN,320,902.15,2.82,68,54.0,4.0,16.88,1.25,384.0,NEERWINDEN,186.0,70.0,52.0,186.0,167.8,0.13508260447035958
NESSONVAUX,241,548.55,2.28,51,41.0,8.0,17.01,3.32,385.0,NESSONVAUX,267.0,112.0,81.0,267.0,146.46,0.0913508260447036
NEUFCHATEAU,126,176.75,1.4,26,8.0,1.0,6.35,0.79,386.0,NEUFCHATEAU,95.0,47.0,29.0,95.0,16.79,0.042759961127308066
NEUFVILLES,211,634.07,3.01,45,34.0,2.0,16.11,0.95,0.0,0,0.0,0.0,0.0,0.0,0.0,0.0923226433430515
NEUFVILLES-GARAGE,211,611.05,2.9,45,33.0,2.0,15.64,0.95,0.0,0,0.0,0.0,0.0,0.0,0.0,0.1010689990281827
NIEL,115,258.0,2.24,24,12.0,3.0,10.43,2.61,388.0,NIEL,285.0,51.0,50.0,285.0,73.53,0.06705539358600583
NIEUWKERKEN-WAAS,300,381.95,1.27,60,19.0,1.0,6.33,0.33,389.0,NIEUWKERKEN-WAAS,312.0,19.0,18.0,312.0,119.17,0.1282798833819242
NIJLEN,290,624.6,2.15,59,32.0,7.0,11.03,2.41,390.0,NIJLEN,623.0,249.0,234.0,623.0,389.13,0.10689990281827016
NIMY,186,371.62,2.0,38,25.0,7.0,13.44,3.76,391.0,NIMY,88.0,11.0,14.0,88.0,32.7,0.07677356656948493
NINOVE,144,374.5,2.6,29,19.0,4.0,13.19,2.78,392.0,NINOVE,1352.0,336.0,240.0,1352.0,506.32,0.04178814382896016
NINOVE-WIJKSPOOR,144,342.28,2.38,29,14.0,4.0,9.72,2.78,0.0,0,0.0,0.0,0.0,0.0,0.0,0.042759961127308066
NIVELLES,281,642.5,2.29,57,32.0,2.0,11.39,0.71,393.0,NIVELLES,4866.0,1444.0,902.0,4866.0,3126.4,0.14382896015549076
NOORDERKEMPEN,186,723.62,3.89,42,40.0,14.0,21.51,7.53,394.0,NOORDERKEMPEN,1237.0,605.0,481.0,1237.0,895.12,0.052478134110787174
NOSSEGEM,704,2468.65,3.51,147,168.0,25.0,23.86,3.55,395.0,NOSSEGEM,407.0,136.0,77.0,407.0,1004.74,0.413022351797862
OBAIX-BUZET,193,358.17,1.86,39,16.0,2.0,8.29,1.04,0.0,0,0.0,0.0,0.0,0.0,0.0,0.0923226433430515
OBOURG,186,300.02,1.61,38,21.0,6.0,11.29,3.23,0.0,0,0.0,0.0,0.0,0.0,0.0,0.07482993197278912
OBOURG-MARCHANDISES,186,330.57,1.78,38,19.0,6.0,10.22,3.23,0.0,0,0.0,0.0,0.0,0.0,0.0,0.0826044703595724
OKEGEM,139,407.22,2.93,28,22.0,4.0,15.83,2.88,398.0,OKEGEM,209.0,57.0,48.0,209.0,85.11,0.03984450923226433
OLEN,133,295.37,2.22,27,17.0,3.0,12.78,2.26,399.0,OLEN,598.0,177.0,235.0,598.0,176.63,0.05150631681243926
OLEN-SAS,133,294.37,2.21,27,16.0,3.0,12.03,2.26,0.0,0,0.0,0.0,0.0,0.0,0.0,0.05830903790087463
OLNE,241,579.63,2.41,51,44.0,9.0,18.26,3.73,0.0,0,0.0,0.0,0.0,0.0,0.0,0.11467444120505345
OOSTENDE,102,103.77,1.02,22,2.0,0.0,1.96,0.0,400.0,OOSTENDE,7017.0,6642.0,6304.0,7017.0,728.15,0.06997084548104957
OOSTKAMP,331,218.12,0.66,68,20.0,5.0,6.04,1.51,401.0,OOSTKAMP,195.0,45.0,71.0,195.0,42.53,0.13994169096209913
OPWIJK,179,584.95,3.27,36,36.0,7.0,20.11,3.91,402.0,OPWIJK,1101.0,410.0,302.0,1101.0,644.03,0.08649173955296405
OTTIGNIES,611,1507.4,2.47,128,78.0,14.0,12.77,2.29,403.0,OTTIGNIES,23508.0,9202.0,8424.0,23508.0,35435.96,0.3275024295432459
OTTIGNIES-RELAIS,40,98.52,2.46,21,4.0,1.0,10.0,2.5,0.0,0,0.0,0.0,0.0,0.0,0.0,0.023323615160349854
OUD-HEVERLEE,177,125.63,0.71,37,4.0,2.0,2.26,1.13,404.0,OUD-HEVERLEE,130.0,14.0,16.0,130.0,16.33,0.07482993197278912
OUDEGEM,128,166.25,1.3,26,7.0,1.0,5.47,0.78,0.0,0,0.0,0.0,0.0,0.0,0.0,0.05539358600583091
OUDENAARDE,299,362.05,1.21,63,15.0,5.0,5.02,1.67,406.0,OUDENAARDE,3814.0,1027.0,722.0,3814.0,1380.86,0.1098153547133139
OUGREE,118,95.03,0.81,24,1.0,0.0,0.85,0.0,407.0,OUGREE,65.0,31.0,21.0,65.0,6.18,0.031098153547133137
OVERPELT,64,306.68,4.79,13,24.0,3.0,37.5,4.69,408.0,OVERPELT,248.0,71.0,146.0,248.0,76.06,0.03595724003887269
PALISEUL,60,38.13,0.64,12,1.0,0.0,1.67,0.0,409.0,PALISEUL,65.0,26.0,51.0,65.0,2.48,0.01749271137026239
PAPIGNIES,79,229.0,2.9,16,12.0,2.0,15.19,2.53,410.0,PAPIGNIES,110.0,21.0,13.0,110.0,25.19,0.02040816326530612
PECROT,177,187.42,1.06,37,5.0,3.0,2.82,1.69,411.0,PECROT,229.0,19.0,21.0,229.0,42.92,0.08066083576287658
PEPINSTER,305,850.97,2.79,64,56.0,7.0,18.36,2.3,412.0,PEPINSTER,1799.0,385.0,375.0,1799.0,1530.9,0.13216715257531583
PEPINSTER-CITE,64,131.62,2.06,13,10.0,0.0,15.62,0.0,413.0,PEPINSTER-CITE,55.0,16.0,18.0,55.0,7.24,0.008746355685131196
PERUWELZ,148,280.83,1.9,30,19.0,7.0,12.84,4.73,414.0,PERUWELZ,784.0,235.0,150.0,784.0,220.17,0.061224489795918366
PHILIPPEVILLE,61,83.05,1.36,13,4.0,0.0,6.56,0.0,415.0,PHILIPPEVILLE,372.0,59.0,82.0,372.0,30.89,0.021379980563654033
PHILIPPEVILLE-642,61,43.28,0.71,13,3.0,0.0,4.92,0.0,0.0,0,0.0,0.0,0.0,0.0,0.0,0.01749271137026239
PIETON,187,377.07,2.02,38,20.0,9.0,10.7,4.81,416.0,PIETON,130.0,33.0,14.0,130.0,49.02,0.09815354713313897
POIX-SAINT-HUBERT,110,284.92,2.59,23,18.0,5.0,16.36,4.55,417.0,POIX-SAINT-HUBERT,21.0,30.0,37.0,21.0,5.98,0.05442176870748299
PONT-A-CELLES,70,62.68,0.9,14,2.0,0.0,2.86,0.0,418.0,PONT-A-CELLES,112.0,25.0,10.0,112.0,7.02,0.019436345966958212
PONT-DE-SERAING,198,370.32,1.87,40,23.0,1.0,11.62,0.51,419.0,PONT-DE-SERAING,239.0,17.0,27.0,239.0,88.51,0.07774538386783285
POPERINGE,39,38.6,0.99,8,1.0,0.0,2.56,0.0,420.0,POPERINGE,564.0,309.0,593.0,564.0,21.77,0.026239067055393587
POULSEUR,139,329.22,2.37,28,15.0,2.0,10.79,1.44,421.0,POULSEUR,196.0,92.0,82.0,196.0,64.53,0.05442176870748299
PROFONDSART,379,1279.27,3.38,79,72.0,11.0,19.0,2.9,422.0,PROFONDSART,202.0,112.0,120.0,202.0,258.41,0.16229348882410108
PRY,73,62.93,0.86,16,3.0,0.0,4.11,0.0,0.0,0,0.0,0.0,0.0,0.0,0.0,0.02040816326530612
PUURS,143,359.63,2.51,31,24.0,3.0,16.78,2.1,424.0,PUURS,1516.0,534.0,447.0,1516.0,545.2,0.06511175898931001
QUAREGNON,231,695.18,3.01,47,43.0,12.0,18.61,5.19,425.0,QUAREGNON,533.0,211.0,144.0,533.0,370.53,0.1000971817298348
QUEVY,42,174.5,4.15,9,3.0,1.0,7.14,2.38,0.0,0,0.0,0.0,0.0,0.0,0.0,0.013605442176870748
QUIEVRAIN,34,29.78,0.88,7,1.0,0.0,2.94,0.0,427.0,QUIEVRAIN,403.0,165.0,183.0,403.0,12.0,0.03012633624878523
REBAIX,79,230.37,2.92,16,13.0,2.0,16.46,2.53,428.0,REBAIX,106.0,19.0,12.0,106.0,24.42,0.028182701652089408
REMICOURT,158,296.6,1.88,34,15.0,4.0,9.49,2.53,429.0,REMICOURT,149.0,39.0,28.0,149.0,44.19,0.0369290573372206
RHISNES,287,835.85,2.91,59,53.0,11.0,18.47,3.83,430.0,RHISNES,234.0,40.0,34.0,234.0,195.59,0.13119533527696792
RHISNES-SAS,287,853.97,2.98,59,54.0,11.0,18.82,3.83,0.0,0,0.0,0.0,0.0,0.0,0.0,0.13508260447035958
RIVAGE,139,303.23,2.18,28,14.0,2.0,10.07,1.44,431.0,RIVAGE,164.0,53.0,63.0,164.0,49.73,0.047619047619047616
RIVAGE-MARCHANDISES,139,274.17,1.97,28,13.0,2.0,9.35,1.44,0.0,0,0.0,0.0,0.0,0.0,0.0,0.07774538386783285
RIXENSART,379,1237.85,3.27,79,72.0,10.0,19.0,2.64,432.0,RIXENSART,1438.0,366.0,365.0,1438.0,1780.03,0.1827016520894072
ROCHEFORT-JEMELLE,116,302.38,2.61,25,20.0,5.0,17.24,4.31,433.0,ROCHEFORT-JEMELLE,647.0,277.0,402.0,647.0,195.64,0.07482993197278912
ROESELARE,147,588.6,4.0,31,19.0,6.0,12.93,4.08,434.0,ROESELARE,2787.0,882.0,1120.0,2787.0,1640.43,0.05928085519922255
RONET,215,509.55,2.37,48,35.0,4.0,16.28,1.86,435.0,RONET,47.0,8.0,8.0,47.0,23.95,0.0913508260447036
RONSE,44,37.15,0.84,9,0.0,0.0,0.0,0.0,0.0,0,0.0,0.0,0.0,0.0,0.0,0.01652089407191448
ROUX,197,341.95,1.74,40,16.0,2.0,8.12,1.02,437.0,ROUX,134.0,32.0,16.0,134.0,45.82,0.07968901846452867
RUISBROEK,430,1349.4,3.14,96,89.0,13.0,20.7,3.02,439.0,RUISBROEK,729.0,247.0,200.0,729.0,983.71,0.18075801749271136
RUISBROEK-SAUVEGARDE,107,260.83,2.44,24,13.0,1.0,12.15,0.93,0.0,0,0.0,0.0,0.0,0.0,0.0,0.03304178814382896
SAINT-DENIS-BOVESSE,287,911.12,3.17,59,53.0,11.0,18.47,3.83,0.0,0,0.0,0.0,0.0,0.0,0.0,0.18075801749271136
SAINT-GHISLAIN,232,584.32,2.52,47,35.0,9.0,15.09,3.88,0.0,0,0.0,0.0,0.0,0.0,0.0,0.10301263362487852
SART-BERNARD,177,325.27,1.84,37,17.0,5.0,9.6,2.82,440.0,SART-BERNARD,122.0,44.0,27.0,122.0,39.68,0.05928085519922255
SCHAARBEEK,1471,4507.4,3.06,310,307.0,42.0,20.87,2.86,0.0,0,0.0,0.0,0.0,0.0,0.0,0.7541302235179786
SCHAARBEEK-JOSAPHAT,405,799.48,1.97,84,46.0,3.0,11.36,0.74,0.0,0,0.0,0.0,0.0,0.0,0.0,0.17589893100097181
SCHAARBEEK-PERRON P.C.I.,6,33.6,5.6,5,3.0,0.0,50.0,0.0,0.0,0,0.0,0.0,0.0,0.0,0.0,0.025267249757045675
SCHELDEWINDEKE,106,183.72,1.73,22,8.0,3.0,7.55,2.83,442.0,SCHELDEWINDEKE,366.0,70.0,74.0,366.0,67.24,0.019436345966958212
SCHELLE,115,258.52,2.25,24,12.0,3.0,10.43,2.61,443.0,SCHELLE,262.0,51.0,33.0,262.0,67.73,0.05442176870748299
SCHELLEBELLE,266,360.25,1.35,54,19.0,2.0,7.14,0.75,444.0,SCHELLEBELLE,560.0,102.0,84.0,560.0,201.74,0.1477162293488824
SCHENDELBEKE,144,406.57,2.82,29,22.0,4.0,15.28,2.78,445.0,SCHENDELBEKE,238.0,58.0,46.0,238.0,96.76,0.042759961127308066
SCHOONAARDE,129,170.83,1.32,26,7.0,1.0,5.43,0.78,446.0,SCHOONAARDE,257.0,126.0,136.0,257.0,43.9,0.06608357628765792
SCHULEN,275,469.37,1.71,56,31.0,2.0,11.27,0.73,447.0,SCHULEN,242.0,106.0,186.0,242.0,113.59,0.09912536443148688
SCHULEN-SAS,272,464.1,1.71,56,34.0,2.0,12.5,0.74,0.0,0,0.0,0.0,0.0,0.0,0.0,0.09523809523809523
SCLAIGNEAUX,192,450.7,2.35,39,26.0,2.0,13.54,1.04,448.0,SCLAIGNEAUX,93.0,10.0,12.0,93.0,41.92,0.09037900874635568
SCLESSIN,198,380.1,1.92,40,20.0,1.0,10.1,0.51,0.0,0,0.0,0.0,0.0,0.0,0.0,0.10398445092322643
SERAING,120,93.22,0.78,24,1.0,0.0,0.83,0.0,450.0,SERAING,294.0,89.0,77.0,294.0,27.41,0.024295432458697766
SERSKAMP,142,306.45,2.16,29,14.0,3.0,9.86,2.11,451.0,SERSKAMP,205.0,53.0,52.0,205.0,62.82,0.08843537414965986
SILLY,145,619.22,4.27,30,34.0,10.0,23.45,6.9,452.0,SILLY,1119.0,199.0,188.0,1119.0,692.91,0.05344995140913508
SIMONIS,60,202.22,3.37,12,16.0,1.0,26.67,1.67,453.0,SIMONIS,99.0,40.0,40.0,99.0,20.02,0.029154518950437316
SINAAI,310,495.12,1.6,62,22.0,1.0,7.1,0.32,454.0,SINAAI,433.0,69.0,72.0,433.0,214.39,0.13313896987366375
SINT-AGATHA-BERCHEM,140,125.15,0.89,28,5.0,0.0,3.57,0.0,0.0,0,0.0,0.0,0.0,0.0,0.0,0.04664723032069971
SINT-DENIJS-BOEKEL,192,442.4,2.3,41,26.0,7.0,13.54,3.65,0.0,0,0.0,0.0,0.0,0.0,0.0,0.09523809523809523
SINT-GENESIUS-RODE,370,820.72,2.22,75,38.0,6.0,10.27,1.62,0.0,0,0.0,0.0,0.0,0.0,0.0,0.15840621963070942
SINT-GILLIS(DENDERMONDE),179,623.12,3.48,36,37.0,8.0,20.67,4.47,0.0,0,0.0,0.0,0.0,0.0,0.0,0.07580174927113703
SINT-JOB,295,537.88,1.82,60,27.0,4.0,9.15,1.36,0.0,0,0.0,0.0,0.0,0.0,0.0,0.1185617103984451
SINT-JORIS-WEERT,177,141.73,0.8,37,6.0,3.0,3.39,1.69,0.0,0,0.0,0.0,0.0,0.0,0.0,0.06025267249757046
SINT-KATELIJNE-WAVER,604,2081.45,3.45,128,117.0,25.0,19.37,4.14,0.0,0,0.0,0.0,0.0,0.0,0.0,0.3556851311953353
SINT-MARIABURG,180,565.97,3.14,37,32.0,5.0,17.78,2.78,0.0,0,0.0,0.0,0.0,0.0,0.0,0.0913508260447036
SINT-MARTENS-BODEGEM,135,183.22,1.36,27,5.0,0.0,3.7,0.0,0.0,0,0.0,0.0,0.0,0.0,0.0,0.06608357628765792
SINT-NIKLAAS,349,442.25,1.27,70,20.0,1.0,5.73,0.29,0.0,0,0.0,0.0,0.0,0.0,0.0,0.14965986394557823
SINT-NIKLAAS-OOST,300,417.82,1.39,60,19.0,1.0,6.33,0.33,0.0,0,0.0,0.0,0.0,0.0,0.0,0.13119533527696792
SINT-TRUIDEN,118,267.42,2.27,24,17.0,0.0,14.41,0.0,0.0,0,0.0,0.0,0.0,0.0,0.0,0.05150631681243926
SLEIDINGE,80,107.02,1.34,16,6.0,0.0,7.5,0.0,455.0,SLEIDINGE,269.0,62.0,42.0,269.0,28.79,0.024295432458697766
SOIGNIES,211,733.92,3.48,45,42.0,2.0,19.91,0.95,456.0,SOIGNIES,2371.0,674.0,548.0,2371.0,1740.12,0.05830903790087463
SOLRE-SUR-SAMBRE,81,130.55,1.61,17,1.0,0.0,1.23,0.0,457.0,SOLRE-SUR-SAMBRE,77.0,30.0,26.0,77.0,10.05,0.011661807580174927
SPA,64,76.45,1.19,13,4.0,0.0,6.25,0.0,458.0,SPA,414.0,207.0,153.0,414.0,31.65,0.01652089407191448
SPA-GERONSTERE,30,20.97,0.7,6,0.0,0.0,0.0,0.0,459.0,SPA-GERONSTERE,382.0,172.0,124.0,382.0,8.01,0.012633624878522837
STATTE,192,502.07,2.61,39,31.0,5.0,16.15,2.6,472.0,STATTE,396.0,275.0,220.0,396.0,198.82,0.11758989310009718
STOCKEM,131,231.37,1.77,27,8.0,1.0,6.11,0.76,473.0,STOCKEM,26.0,6.0,10.0,26.0,6.02,0.03304178814382896
STOUMONT,70,162.83,2.33,14,10.0,2.0,14.29,2.86,0.0,0,0.0,0.0,0.0,0.0,0.0,0.0184645286686103
SY,69,96.28,1.4,14,1.0,0.0,1.45,0.0,474.0,SY,49.0,12.0,12.0,49.0,4.72,0.025267249757045675
TAMINES,221,594.02,2.69,50,40.0,5.0,18.1,2.26,475.0,TAMINES,1606.0,364.0,365.0,1606.0,954.0,0.13022351797862003
TEMSE,91,348.22,3.83,20,22.0,2.0,24.18,2.2,476.0,TEMSE,674.0,237.0,201.0,674.0,234.7,0.014577259475218658
TERHAGEN,231,612.72,2.65,48,33.0,11.0,14.29,4.76,0.0,0,0.0,0.0,0.0,0.0,0.0,0.10301263362487852
TERNAT,134,132.28,0.99,27,4.0,0.0,2.99,0.0,478.0,TERNAT,984.0,241.0,176.0,984.0,130.16,0.05150631681243926
TESTELT,276,616.57,2.23,56,40.0,2.0,14.49,0.72,479.0,TESTELT,335.0,72.0,98.0,335.0,206.55,0.12342079689018465
THEUX,64,106.62,1.67,13,2.0,0.0,3.12,0.0,480.0,THEUX,141.0,55.0,38.0,141.0,15.03,0.0058309037900874635
THIEU,186,331.1,1.78,38,23.0,6.0,12.37,3.23,481.0,THIEU,99.0,19.0,25.0,99.0,32.78,0.1010689990281827
THUIN,82,124.27,1.52,17,4.0,0.0,4.88,0.0,482.0,THUIN,259.0,61.0,54.0,259.0,32.19,0.0184645286686103
THULIN,73,195.53,2.68,15,11.0,0.0,15.07,0.0,483.0,THULIN,127.0,53.0,52.0,127.0,24.83,0.027210884353741496
THURN EN TAXIS,60,229.1,3.82,12,17.0,1.0,28.33,1.67,0.0,0,0.0,0.0,0.0,0.0,0.0,0.021379980563654033
TIELEN,114,282.23,2.48,24,16.0,4.0,14.04,3.51,484.0,TIELEN,675.0,327.0,441.0,675.0,190.51,0.038872691933916424
TIELT,89,409.42,4.6,21,18.0,5.0,20.22,5.62,485.0,TIELT,956.0,397.0,514.0,956.0,391.41,0.03206997084548105
TIENEN,320,1066.13,3.33,68,74.0,4.0,23.12,1.25,486.0,TIENEN,3963.0,1692.0,1135.0,3963.0,4225.07,0.1554907677356657
TILFF,139,302.77,2.18,28,17.0,2.0,12.23,1.44,487.0,TILFF,124.0,27.0,41.0,124.0,37.54,0.0456754130223518
TILLEUR,198,368.57,1.86,40,21.0,1.0,10.61,0.51,0.0,0,0.0,0.0,0.0,0.0,0.0,0.10884353741496598
TILLY,132,128.28,0.97,29,4.0,1.0,3.03,0.76,488.0,TILLY,200.0,28.0,24.0,200.0,25.66,0.08066083576287658
TILLY-GARAGE,132,54.97,0.42,29,2.0,1.0,1.52,0.76,0.0,0,0.0,0.0,0.0,0.0,0.0,0.08066083576287658
TOLLEMBEEK,117,478.9,4.09,24,30.0,8.0,25.64,6.84,489.0,TOLLEMBEEK,258.0,58.0,58.0,258.0,123.56,0.0456754130223518
TONGEREN,95,107.53,1.13,20,2.0,0.0,2.11,0.0,490.0,TONGEREN,680.0,175.0,191.0,680.0,73.12,0.04081632653061224
TORHOUT,150,652.48,4.35,31,22.0,7.0,14.67,4.67,491.0,TORHOUT,1757.0,364.0,397.0,1757.0,1146.41,0.05150631681243926
TOURNAI,229,614.07,2.68,48,36.0,7.0,15.72,3.06,493.0,TOURNAI,6316.0,2478.0,2089.0,6316.0,3878.47,0.0923226433430515
TROIS-PONTS,70,161.13,2.3,14,10.0,2.0,14.29,2.86,494.0,TROIS-PONTS,154.0,113.0,213.0,154.0,24.81,0.011661807580174927
TROOZ,241,614.92,2.55,50,46.0,9.0,19.09,3.73,495.0,TROOZ,119.0,44.0,37.0,119.0,73.18,0.10787172011661808
TUBIZE,343,1049.37,3.06,72,61.0,6.0,17.78,1.75,496.0,TUBIZE,2642.0,1376.0,971.0,2642.0,2772.44,0.15063168124392615
TURNHOUT,58,46.85,0.81,12,2.0,1.0,3.45,1.72,497.0,TURNHOUT,1581.0,594.0,1101.0,1581.0,74.07,0.043731778425655975
UKKEL-KALEVOET,252,436.28,1.73,51,27.0,5.0,10.71,1.98,0.0,0,0.0,0.0,0.0,0.0,0.0,0.10398445092322643
UKKEL-STALLE,257,469.77,1.83,52,27.0,5.0,10.51,1.95,0.0,0,0.0,0.0,0.0,0.0,0.0,0.12439261418853255
VELTEM,703,2241.95,3.19,147,155.0,23.0,22.05,3.27,500.0,VELTEM,339.0,92.0,90.0,339.0,760.02,0.3848396501457726
VERTRIJK,321,1013.48,3.16,69,69.0,4.0,21.5,1.25,501.0,VERTRIJK,496.0,154.0,139.0,496.0,502.69,0.15257531584062195
VERVIERS-CENTRAL,241,747.65,3.1,51,43.0,7.0,17.84,2.9,502.0,VERVIERS-CENTRAL,4202.0,2640.0,2642.0,4202.0,3141.63,0.10301263362487852
VERVIERS-PALAIS,181,630.47,3.48,37,42.0,7.0,23.2,3.87,503.0,VERVIERS-PALAIS,8.0,24.0,20.0,8.0,5.04,0.07871720116618076
VEURNE,75,110.43,1.47,15,4.0,1.0,5.33,1.33,504.0,VEURNE,506.0,212.0,400.0,506.0,55.88,0.03206997084548105
VIANE-MOERBEKE,117,519.08,4.44,24,33.0,9.0,28.21,7.69,505.0,VIANE-MOERBEKE,429.0,68.0,66.0,429.0,222.69,0.03984450923226433
VICHTE,191,416.9,2.18,41,18.0,6.0,9.42,3.14,0.0,0,0.0,0.0,0.0,0.0,0.0,0.07482993197278912
VIELSALM,70,173.13,2.47,14,11.0,2.0,15.71,2.86,507.0,VIELSALM,219.0,114.0,173.0,219.0,37.92,0.019436345966958212
VIJFHUIZEN,43,19.97,0.46,9,0.0,0.0,0.0,0.0,0.0,0,0.0,0.0,0.0,0.0,0.0,0.007774538386783284
VILLE-POMMEROEUL,144,307.12,2.13,30,20.0,5.0,13.89,3.47,0.0,0,0.0,0.0,0.0,0.0,0.0,0.06511175898931001
VILLERS-LA-VILLE,132,124.1,0.94,29,4.0,1.0,3.03,0.76,510.0,VILLERS-LA-VILLE,274.0,47.0,52.0,274.0,34.0,0.0826044703595724
VILVOORDE,580,1165.72,2.01,118,61.0,4.0,10.52,0.69,511.0,VILVOORDE,6196.0,2249.0,1671.0,6196.0,7222.8,0.31875607385811466
VIRTON,75,133.93,1.79,15,7.0,0.0,9.33,0.0,512.0,VIRTON,353.0,85.0,206.0,353.0,47.28,0.015549076773566569
VISE,90,136.25,1.51,18,5.0,2.0,5.56,2.22,513.0,VISE,821.0,242.0,201.0,821.0,111.86,0.014577259475218658
VIVILLE,131,192.4,1.47,27,7.0,1.0,5.34,0.76,515.0,VIVILLE,30.0,13.0,16.0,30.0,5.77,0.03984450923226433
VOROUX,156,264.03,1.69,33,13.0,4.0,8.33,2.56,0.0,0,0.0,0.0,0.0,0.0,0.0,0.04956268221574344
VORST-OOST,256,457.35,1.79,52,27.0,5.0,10.55,1.95,0.0,0,0.0,0.0,0.0,0.0,0.0,0.12244897959183673
VORST-ZUID,501,1562.68,3.12,109,109.0,12.0,21.76,2.4,0.0,0,0.0,0.0,0.0,0.0,0.0,0.2206025267249757
WAARSCHOOT,75,109.67,1.46,15,5.0,0.0,6.67,0.0,517.0,WAARSCHOOT,263.0,71.0,87.0,263.0,28.84,0.01749271137026239
WALCOURT,75,101.18,1.35,16,4.0,0.0,5.33,0.0,518.0,WALCOURT,282.0,97.0,111.0,282.0,28.53,0.02040816326530612
WAREGEM,156,433.35,2.78,35,23.0,4.0,14.74,2.56,519.0,WAREGEM,2473.0,933.0,942.0,2473.0,1071.67,0.11078717201166181
WAREMME,156,361.63,2.32,33,16.0,4.0,10.26,2.56,520.0,WAREMME,2283.0,522.0,347.0,2283.0,825.6,0.0369290573372206
WATERLOO,369,916.1,2.48,75,47.0,5.0,12.74,1.36,521.0,WATERLOO,2212.0,791.0,516.0,2212.0,2026.41,0.14188532555879493
WATERMAAL,378,1151.85,3.05,79,95.0,15.0,25.13,3.97,0.0,0,0.0,0.0,0.0,0.0,0.0,0.21865889212827988
WAVRE,205,234.18,1.14,43,9.0,2.0,4.39,0.98,523.0,WAVRE,962.0,170.0,220.0,962.0,225.28,0.09620991253644315
WEERDE,546,1014.58,1.86,112,58.0,7.0,10.62,1.28,524.0,WEERDE,719.0,108.0,108.0,719.0,729.48,0.293488824101069
WELKENRAEDT,149,491.45,3.3,31,28.0,5.0,18.79,3.36,525.0,WELKENRAEDT,1755.0,1430.0,1004.0,1755.0,862.49,0.06997084548104957
WELLE,234,567.68,2.43,48,31.0,11.0,13.25,4.7,0.0,0,0.0,0.0,0.0,0.0,0.0,0.11661807580174927
WERVIK,89,293.33,3.3,18,14.0,3.0,15.73,3.37,527.0,WERVIK,719.0,304.0,280.0,719.0,210.9,0.028182701652089408
WESPELAAR-TILDONK,165,369.8,2.24,35,20.0,3.0,12.12,1.82,528.0,WESPELAAR-TILDONK,526.0,151.0,146.0,526.0,194.51,0.06608357628765792
WETTEREN,266,431.47,1.62,54,19.0,3.0,7.14,1.13,529.0,WETTEREN,2535.0,930.0,827.0,2535.0,1093.78,0.11564625850340136
WEVELGEM,89,274.43,3.08,18,13.0,1.0,14.61,1.12,530.0,WEVELGEM,458.0,175.0,192.0,458.0,125.69,0.05344995140913508
WEZEMAAL,329,774.58,2.35,68,49.0,3.0,14.89,0.91,531.0,WEZEMAAL,739.0,301.0,245.0,739.0,572.41,0.11273080660835763
WICHELEN,129,140.37,1.09,26,8.0,0.0,6.2,0.0,0.0,0,0.0,0.0,0.0,0.0,0.0,0.062196307094266275
WIJGMAAL,165,319.15,1.93,35,18.0,3.0,10.91,1.82,533.0,WIJGMAAL,640.0,126.0,115.0,640.0,204.26,0.04859086491739553
WILDERT,174,526.52,3.03,37,28.0,3.0,16.09,1.72,534.0,WILDERT,283.0,131.0,137.0,283.0,149.01,0.07677356656948493
WILLEBROEK,92,303.25,3.3,19,15.0,4.0,16.3,4.35,535.0,WILLEBROEK,608.0,230.0,212.0,608.0,184.38,0.023323615160349854
WOLFSTEE,289,556.47,1.93,59,31.0,5.0,10.73,1.73,0.0,0,0.0,0.0,0.0,0.0,0.0,0.1000971817298348
WONDELGEM,80,126.28,1.58,16,9.0,0.0,11.25,0.0,537.0,WONDELGEM,185.0,65.0,25.0,185.0,23.36,0.026239067055393587
YVES-GOMEZEE,72,103.83,1.44,15,6.0,0.0,8.33,0.0,538.0,YVES-GOMEZEE,48.0,19.0,16.0,48.0,4.98,0.02040816326530612
YVOIR,125,195.08,1.56,25,5.0,1.0,4.0,0.8,539.0,YVOIR,728.0,627.0,536.0,728.0,142.02,0.038872691933916424
ZANDBERGEN,149,399.93,2.68,30,22.0,4.0,14.77,2.68,540.0,ZANDBERGEN,193.0,55.0,42.0,193.0,77.19,0.028182701652089408
ZAVENTEM,801,2640.35,3.3,170,174.0,22.0,21.72,2.75,541.0,ZAVENTEM,1538.0,423.0,395.0,1538.0,4060.86,0.369290573372206
ZEDELGEM,150,635.63,4.24,31,24.0,7.0,16.0,4.67,542.0,ZEDELGEM,599.0,123.0,139.0,599.0,380.74,0.04664723032069971
ZEEBRUGGE-DORP,40,48.63,1.22,8,0.0,0.0,0.0,0.0,0.0,0,0.0,0.0,0.0,0.0,0.0,0.012633624878522837
ZEEBRUGGE-VORMING,79,70.05,0.89,16,0.0,0.0,0.0,0.0,0.0,0,0.0,0.0,0.0,0.0,0.0,0.027210884353741496
ZELE,110,154.82,1.41,22,3.0,1.0,2.73,0.91,545.0,ZELE,940.0,173.0,147.0,940.0,145.53,0.01652089407191448
ZELLIK,179,679.4,3.8,36,45.0,8.0,25.14,4.47,546.0,ZELLIK,541.0,134.0,95.0,541.0,367.56,0.08843537414965986
ZICHEM,275,631.72,2.3,56,44.0,2.0,16.0,0.73,547.0,ZICHEM,293.0,94.0,76.0,293.0,185.09,0.10592808551992225
ZINGEM,120,157.72,1.31,24,6.0,1.0,5.0,0.83,548.0,ZINGEM,523.0,98.0,86.0,523.0,82.49,0.029154518950437316
ZOLDER,59,135.67,2.3,12,8.0,1.0,13.56,1.69,549.0,ZOLDER,123.0,38.0,37.0,123.0,16.69,0.012633624878522837
ZOLDER-KRUISSPOREN,59,136.15,2.31,12,10.0,1.0,16.95,1.69,0.0,0,0.0,0.0,0.0,0.0,0.0,0.0184645286686103
ZONHOVEN,59,132.05,2.24,12,10.0,1.0,16.95,1.69,550.0,ZONHOVEN,67.0,29.0,19.0,67.0,8.85,0.01652089407191448
ZOTTEGEM,326,618.73,1.9,68,33.0,8.0,10.12,2.45,551.0,ZOTTEGEM,4936.0,986.0,931.0,4936.0,3054.05,0.12050534499514091
ZWIJNDRECHT,300,510.83,1.7,60,24.0,2.0,8.0,0.67,552.0,ZWIJNDRECHT,401.0,43.0,44.0,401.0,204.84,0.14285714285714285
