Stopping place,total_trains,total_delay_minutes,avg_delay_minutes,unique_trains,delays_above_5min,delays_above_15min,pct_delays_above_5min,pct_delays_above_15min,Unnamed: 0,Station,Avg number of travelers in the week,Avg number of travelers on Saturday,Avg number of travelers on Sunday,avg_weekday_travelers,delay_times_1000_travelers,degree_centrality,bottleneck_score,bottleneck_rank
AALST,231,179.915,1.56,47,6.0,1.0,2.6,0.87,0.0,AALST,6444,1768,1592,6444,2318.74,0.11467444120505345,-0.9583406507427279,353.0
AALST-KERREBROEK,43,28.98,0.67,9,0.0,0.0,0.0,0.0,0.0,AALST-KERREBROEK,1000,300,250,1000,28.98,0.001943634596695821,-3.68415997022593,601.0
AALTER,331,153.725,0.93,68,12.0,3.0,3.63,1.81,2.0,AALTER,2288,1055,855,2288,703.45,0.17978620019436345,0.20480691873700257,203.0
AARSCHOT,336,352.99,2.1,69,24.0,1.0,7.14,0.6,3.0,AARSCHOT,6270,1954,1395,6270,4426.49,0.11564625850340136,0.9860636771431529,120.0
AARSELE,89,183.66,4.13,21,9.0,2.0,10.11,4.49,0.0,AARSELE,1000,300,250,1000,367.32,0.04470359572400389,-0.30613130076331097,264.0
ACREN,79,127.71,3.23,16,10.0,0.0,12.66,1.27,5.0,ACREN,226,43,50,226,57.72,0.023323615160349854,0.01233698355891398,226.0
AISEAU,223,335.865,3.01,52,18.0,4.0,8.07,3.59,6.0,AISEAU,100,15,17,100,67.17,0.14091350826044705,0.821046651759709,137.0
ALKEN,118,151.61,2.57,24,10.0,0.0,8.47,0.0,7.0,ALKEN,647,254,310,647,196.18,0.05053449951409135,-0.602769699312156,299.0
AMAY,192,205.175,2.14,39,13.0,1.0,6.77,1.04,8.0,AMAY,262,68,50,262,107.51,0.12050534499514091,-0.03201411653070274,235.0
AMPSIN,192,230.11,2.4,39,14.0,1.0,7.29,1.04,9.0,AMPSIN,134,30,20,134,61.67,0.1185617103984451,0.12357669596989462,213.0
ANDENNE,192,247.65,2.58,39,14.0,2.0,7.29,2.08,10.0,ANDENNE,1746,499,427,1746,864.79,0.11564625850340136,0.14608256407442777,208.0
ANDERLECHT,440,487.785,2.22,96,26.0,6.0,5.91,2.5,0.0,ANDERLECHT,1000,300,250,1000,975.57,0.24198250728862974,2.3439751920577883,60.0
ANGLEUR,426,740.61,3.48,88,48.0,9.0,11.27,4.23,11.0,ANGLEUR,565,147,126,565,836.89,0.18658892128279883,3.5885070574253746,41.0
ANS,334,539.29,3.23,69,30.0,8.0,8.98,5.09,12.0,ANS,1040,118,88,1040,1121.72,0.13896987366375121,1.8787221838635988,71.0
ANSEREMME,65,26.435,0.81,13,0.0,0.0,0.0,0.0,13.0,ANSEREMME,51,124,45,51,2.7,0.02040816326530612,-3.437756593552156,576.0
ANTOING,143,134.41,1.88,29,9.0,2.0,6.29,2.8,14.0,ANTOING,293,123,107,293,78.76,0.05830903790087463,-1.0103656429919274,357.0
ANTWERPEN-BERCHEM,1264,1647.76,2.61,262,73.0,16.0,5.78,2.45,15.0,ANTWERPEN-BERCHEM,17289,8163,8506,17289,56976.25,0.4489795918367347,10.806198687011271,7.0
ANTWERPEN-CENTRAAL,800,1042.635,2.61,168,44.0,12.0,5.5,3.12,0.0,ANTWERPEN-CENTRAAL,1000,300,250,1000,2085.27,0.4645286686103013,6.63476600818619,20.0
ANTWERPEN-LUCHTBAL,391,713.615,3.65,85,40.0,11.0,10.23,5.63,17.0,ANTWERPEN-LUCHTBAL,1082,161,93,1082,1544.26,0.15354713313896987,2.865699699056283,53.0
ANTWERPEN-NOORDERDOKKEN,178,321.075,3.61,37,17.0,4.0,9.55,3.93,18.0,ANTWERPEN-NOORDERDOKKEN,263,43,16,263,168.89,0.062196307094266275,0.31154899466008196,195.0
ANTWERPEN-ZUID,412,394.125,1.91,83,18.0,2.0,4.37,1.21,19.0,ANTWERPEN-ZUID,3262,164,175,3262,2571.27,0.17201166180758018,1.120631260870208,109.0
ANZEGEM,196,197.7,2.02,42,9.0,3.0,4.59,3.06,0.0,ANZEGEM,1000,300,250,1000,395.4,0.05928085519922255,-1.0886800950691233,371.0
APPELTERRE,149,192.775,2.59,30,11.0,2.0,7.38,2.68,21.0,APPELTERRE,213,60,54,213,82.12,0.037900874635568516,-0.7840072713346569,321.0
ARCADEN,294,380.81,2.59,60,22.0,2.0,7.48,1.7,0.0,ARCADEN,1000,300,250,1000,761.62,0.13508260447035958,1.020547451788216,116.0
ARCHENNES,177,89.5,1.01,37,2.0,2.0,1.13,1.69,23.0,ARCHENNES,148,10,11,148,26.49,0.06316812439261418,-2.2005555121446827,484.0
ARLON,200,103.175,1.03,42,2.0,0.0,1.0,0.0,24.0,ARLON,5476,1331,3075,5476,1129.97,0.043731778425655975,-2.2510244785077673,491.0
ASSE,179,322.415,3.6,36,20.0,4.0,11.17,4.47,25.0,ASSE,1085,239,182,1085,699.64,0.07677356656948493,0.8617892085958543,131.0
ASSESSE,178,154.925,1.74,37,8.0,2.0,4.49,1.69,26.0,ASSESSE,212,57,40,212,65.69,0.08066083576287658,-1.0899683964254934,372.0
ATH,231,370.085,3.2,47,19.0,6.0,8.23,5.19,27.0,ATH,5256,1592,1712,5256,3890.33,0.08940719144800778,0.6021514508235487,162.0
ATHUS,127,70.275,1.11,26,4.0,0.0,3.15,0.0,28.0,ATHUS,989,219,169,989,139.0,0.011661807580174927,-2.3725077035466193,498.0
AUBANGE,75,52.65,1.4,15,4.0,0.0,5.33,0.0,0.0,AUBANGE,1000,300,250,1000,105.3,0.01652089407191448,-2.036560698808095,460.0
AUVELAIS,222,269.985,2.43,49,20.0,2.0,9.01,2.25,30.0,AUVELAIS,492,230,174,492,265.67,0.12147716229348883,0.7832431269337126,142.0
AYE,118,60.585,1.03,25,7.0,1.0,5.93,1.69,31.0,AYE,45,17,15,45,5.45,0.06511175898931001,-1.2772609484928197,400.0
AYWAILLE,70,102.815,2.94,14,6.0,1.0,8.57,2.86,32.0,AYWAILLE,180,87,95,180,37.01,0.031098153547133137,-1.0348273930255945,360.0
BAASRODE-ZUID,141,144.065,2.04,29,8.0,1.0,5.67,1.42,0.0,BAASRODE-ZUID,1000,300,250,1000,288.13,0.08357628765792031,-0.9408845636155861,352.0
BALEGEM-DORP,111,113.475,2.04,23,4.0,2.0,3.6,2.7,34.0,BALEGEM-DORP,291,74,72,291,66.04,0.034013605442176874,-2.068181917570234,465.0
BALEGEM-ZUID,111,116.24,2.09,23,4.0,2.0,3.6,2.7,0.0,BALEGEM-ZUID,1000,300,250,1000,232.48,0.03012633624878523,-2.0927455129781167,468.0
BALEN,58,85.86,2.96,12,6.0,0.0,10.34,1.72,36.0,BALEN,285,98,71,285,48.94,0.021379980563654033,-0.7505788577868613,319.0
BALEN-WERKPLAATSEN,67,128.4,3.83,14,10.0,1.0,14.93,2.99,0.0,BALEN-WERKPLAATSEN,1000,300,250,1000,256.8,0.03498542274052478,0.6372953294709875,154.0
BAMBRUGGE,48,42.35,0.88,10,0.0,0.0,0.0,0.0,0.0,BAMBRUGGE,1000,300,250,1000,42.35,0.0009718172983479105,-3.648026831026612,596.0
BARVAUX,70,53.15,1.52,14,1.0,0.0,1.43,0.0,38.0,BARVAUX,334,109,132,334,35.5,0.013605442176870748,-3.067366320019262,550.0
BAS-OHA,192,248.51,2.59,39,14.0,2.0,7.29,1.56,39.0,BAS-OHA,56,19,31,56,27.83,0.11273080660835763,0.10440541662609544,215.0
BASSE-WAVRE,177,74.665,0.84,37,4.0,1.0,2.26,1.13,40.0,BASSE-WAVRE,434,31,33,434,64.81,0.07482993197278912,-1.840924116009995,445.0
BEAURAING,60,39.9,1.33,12,1.0,0.0,1.67,0.0,41.0,BEAURAING,260,83,166,260,20.75,0.01652089407191448,-3.0479571353575152,546.0
BEERNEM,331,178.8,1.08,68,12.0,2.0,3.63,1.51,42.0,BEERNEM,601,172,138,601,214.92,0.19825072886297376,0.39229464680406084,183.0
BEERSEL,176,203.775,2.32,36,10.0,1.0,5.68,1.14,0.0,BEERSEL,1000,300,250,1000,407.55,0.06316812439261418,-0.8568104772517807,337.0
BEERVELDE,250,211.025,1.69,50,12.0,1.0,4.8,0.8,44.0,BEERVELDE,214,53,38,214,90.32,0.13119533527696792,-0.1784342103417635,249.0
BEGIJNENDIJK,188,269.99,2.87,39,14.0,2.0,7.45,2.13,45.0,BEGIJNENDIJK,315,108,123,315,170.09,0.05928085519922255,-0.2853830649304627,262.0
BEIGNEE,72,23.96,0.67,16,1.0,0.0,1.39,0.0,0.0,BEIGNEE,1000,300,250,1000,47.92,0.021379980563654033,-3.051790066378246,548.0
BELLEM,331,208.24,1.26,68,10.0,3.0,3.02,1.81,47.0,BELLEM,179,45,53,179,74.55,0.2108843537414966,0.39159292810919244,184.0
BELSELE,310,200.365,1.29,62,9.0,0.0,2.9,0.32,48.0,BELSELE,431,51,41,431,172.71,0.1292517006802721,-0.43092371985912076,280.0
BERINGEN,59,73.125,2.48,12,6.0,0.0,10.17,1.69,50.0,BERINGEN,135,54,40,135,19.74,0.022351797862001945,-0.802946975253497,324.0
BERLAAR,190,222.665,2.34,39,12.0,2.0,6.32,1.58,51.0,BERLAAR,375,152,193,375,167.0,0.062196307094266275,-0.6166613600843479,300.0
BERTRIX,134,80.04,1.19,27,2.0,0.0,1.49,0.0,52.0,BERTRIX,329,105,189,329,52.67,0.034013605442176874,-2.5574792846770085,516.0
BERZEE,68,28.925,0.85,15,2.0,0.0,2.94,0.0,53.0,BERZEE,132,28,25,132,7.64,0.015549076773566569,-2.719935991003897,534.0
BEUZET,287,431.785,3.01,59,26.0,6.0,9.06,3.83,54.0,BEUZET,141,21,17,141,121.76,0.12633624878522837,1.3863629449311374,97.0
BEVEREN(WAAS),300,240.1,1.6,60,10.0,0.0,3.33,0.33,0.0,BEVEREN(WAAS),1000,300,250,1000,480.2,0.13022351797862003,-0.28395954488285907,260.0
BEVERLO,58,81.39,2.81,12,6.0,0.0,10.34,1.72,56.0,BEVERLO,146,53,37,146,23.77,0.02040816326530612,-0.7668579386117517,320.0
BIERGES-WALIBI,234,117.365,1.0,50,4.0,1.0,1.71,0.85,57.0,BIERGES-WALIBI,146,504,562,146,34.27,0.0826044703595724,-1.5965354080887102,435.0
BIERSET-AWANS,158,149.235,1.89,33,8.0,2.0,5.06,2.53,58.0,BIERSET-AWANS,121,34,27,121,36.11,0.05539358600583091,-1.2565287893111927,396.0
BILZEN,142,121.65,1.71,30,6.0,0.0,4.23,0.0,59.0,BILZEN,555,106,107,555,135.03,0.04470359572400389,-1.6696066435990498,440.0
BILZEN-WIJKSPOOR,142,94.415,1.33,30,5.0,0.0,3.52,0.0,0.0,BILZEN-WIJKSPOOR,1000,300,250,1000,188.83,0.05053449951409135,-1.8439364735703363,446.0
BINCHE,30,11.615,0.77,7,0.0,0.0,0.0,0.0,60.0,BINCHE,335,187,154,335,7.78,0.028182701652089408,-3.5480484626560918,591.0
BISSEGEM,89,122.265,2.75,18,6.0,0.0,6.74,1.12,61.0,BISSEGEM,272,85,131,272,66.51,0.03498542274052478,-1.3481695278290855,410.0
BLANKENBERGE,39,20.475,1.05,8,0.0,0.0,0.0,0.0,62.0,BLANKENBERGE,1790,1348,1679,1790,73.3,0.025267249757045675,-3.517486345982037,589.0
BLANMONT,290,394.84,2.72,60,26.0,5.0,8.97,3.45,63.0,BLANMONT,172,22,16,172,135.82,0.14965986394557823,1.512173757224932,91.0
BLATON,148,167.44,2.26,30,8.0,3.0,5.41,4.05,64.0,BLATON,536,190,141,536,179.5,0.06608357628765792,-1.0873186598257285,370.0
BLERET,158,163.985,2.08,33,8.0,2.0,5.06,2.53,0.0,BLERET,1000,300,250,1000,327.97,0.052478134110787174,-1.2499851585770942,394.0
BOCKSTAEL,259,304.985,2.36,52,20.0,2.0,7.72,1.54,66.0,BOCKSTAEL,929,129,107,929,566.66,0.09815354713313897,0.48587891193880905,175.0
BOECHOUT,403,262.725,1.3,82,12.0,2.0,2.98,0.99,67.0,BOECHOUT,424,143,186,424,222.79,0.13508260447035958,0.14633857623634852,207.0
BOIS D'AUSSE,178,140.25,1.58,37,8.0,2.0,4.49,1.69,0.0,BOIS D'AUSSE,1000,300,250,1000,280.5,0.08843537414965986,-1.0441125853513777,361.0
BOKRIJK,84,90.075,2.14,17,6.0,0.0,7.14,0.0,69.0,BOKRIJK,171,73,157,171,30.81,0.031098153547133137,-1.3565817844319275,412.0
BOMAL,65,40.925,1.26,13,1.0,0.0,1.54,0.0,70.0,BOMAL,236,65,112,236,19.32,0.024295432458697766,-2.9916967680476825,544.0
BOOISCHOT,189,255.79,2.71,39,12.0,2.0,6.35,2.12,71.0,BOOISCHOT,293,118,79,293,149.89,0.04956268221574344,-0.6650317543026691,305.0
BOOM,111,87.7,1.58,24,4.0,0.0,3.6,0.9,72.0,BOOM,428,34,36,428,75.07,0.04178814382896016,-2.045500933974522,462.0
BOONDAAL,294,368.715,2.51,60,22.0,2.0,7.48,1.7,0.0,BOONDAAL,1000,300,250,1000,737.43,0.1379980563654033,1.0243659070834028,115.0
BOORTMEERBEEK,165,161.865,1.96,35,9.0,2.0,5.45,1.82,74.0,BOORTMEERBEEK,604,196,185,604,195.53,0.07191448007774538,-0.9634404655107119,354.0
BORDET,407,513.615,2.52,84,29.0,2.0,7.13,0.98,75.0,BORDET,1633,165,126,1633,1677.47,0.16229348882410108,1.893970997728612,70.0
BORNEM,90,166.665,3.7,19,10.0,1.0,11.11,2.22,76.0,BORNEM,830,265,221,830,276.66,0.0184645286686103,-0.30199711480763386,263.0
BOSVOORDE,378,670.325,3.55,79,54.0,7.0,14.29,3.7,0.0,BOSVOORDE,1000,300,250,1000,1340.65,0.18658892128279883,4.035996712302265,35.0
BOUSSU,78,133.075,3.41,16,8.0,1.0,10.26,2.56,77.0,BOUSSU,184,106,91,184,48.97,0.0369290573372206,-0.47353842898819787,282.0
BOUWEL,290,323.075,2.23,59,16.0,4.0,5.52,2.41,78.0,BOUWEL,467,149,199,467,301.75,0.1000971817298348,0.10584863816924106,214.0
BRACQUEGNIES,186,167.375,1.8,38,11.0,3.0,5.91,3.23,79.0,BRACQUEGNIES,119,25,25,119,39.84,0.08066083576287658,-0.6768417169579856,307.0
BRAINE-ALLIANCE,370,437.915,2.37,75,26.0,2.0,7.03,1.35,0.0,BRAINE-ALLIANCE,1000,300,250,1000,875.83,0.1379980563654033,1.3585654993208403,98.0
BRAINE-L'ALLEUD,368,420.165,2.28,75,22.0,2.0,5.98,1.36,0.0,BRAINE-L'ALLEUD,1000,300,250,1000,840.33,0.16229348882410108,1.2599419843971338,104.0
BRAINE-LE-COMTE,354,522.035,2.95,74,30.0,2.0,8.47,1.13,81.0,BRAINE-LE-COMTE,5298,1375,1093,5298,5531.48,0.16132167152575316,2.0938641631491683,63.0
BRESSOUX,119,62.875,1.06,24,2.0,0.0,1.68,0.84,82.0,BRESSOUX,145,46,29,145,18.23,0.024295432458697766,-2.686152687905122,527.0
BRUGELETTE,91,106.525,2.34,20,6.0,1.0,6.59,2.2,92.0,BRUGELETTE,294,57,45,294,62.64,0.03304178814382896,-1.42031427499517,421.0
BRUGGE,463,352.7,1.52,96,16.0,4.0,3.46,1.51,93.0,BRUGGE,18091,12737,12249,18091,12761.39,0.20894071914480078,1.5790799157763995,81.0
BRUGGE-SINT-PIETERS,248,182.215,1.47,51,6.0,1.0,2.42,0.81,94.0,BRUGGE-SINT-PIETERS,99,12,7,99,36.08,0.07482993197278912,-1.3137559078294612,403.0
BRUSSEL-CENTRAAL,2016,7643.681399416909,4.96,419,541.0,56.0,26.84,3.62,0.0,BRUSSEL-CENTRAAL,80000,24000,20000,80000,799324.0,0.956268221574344,50.10196096561688,1.0
BRUSSEL-CONGRES,2010,6172.094693877551,3.92,418,414.0,50.0,20.6,3.18,0.0,BRUSSEL-CONGRES,40000,12000,10000,40000,315034.0,0.9795918367346939,35.54530143661539,4.0
BRUSSEL-KAPELLEKERK,1997,5810.227918367347,3.66,416,327.0,49.0,16.37,3.1,0.0,BRUSSEL-KAPELLEKERK,35000,10500,8750,35000,255938.55,0.9931972789115646,32.62595013208333,5.0
BRUSSEL-LUXEMBURG,669,957.65,2.86,139,63.0,6.0,9.42,1.64,0.0,BRUSSEL-LUXEMBURG,1000,300,250,1000,1915.3,0.3556851311953353,5.990445750876278,24.0
BRUSSEL-NOORD,2011,5705.576707482993,3.57,419,374.0,46.0,18.6,2.88,0.0,BRUSSEL-NOORD,60000,18000,15000,60000,430849.2,0.9931972789115646,36.9317822609768,2.0
BRUSSEL-SCHUMAN,662,965.125,2.92,139,65.0,6.0,9.82,1.96,0.0,BRUSSEL-SCHUMAN,1000,300,250,1000,1930.25,0.34402332361516036,5.975344020108461,25.0
BRUSSEL-WEST,60,89.465,2.98,12,6.0,0.0,10.0,1.67,0.0,BRUSSEL-WEST,1000,300,250,1000,178.93,0.025267249757045675,-0.7859076602358092,322.0
BRUSSEL-ZUID,1908,5122.92,3.36,395,278.0,48.0,14.57,3.14,0.0,BRUSSEL-ZUID,75000,22500,18750,75000,480273.75,1.0,35.639583493803606,3.0
BRUSSELS AIRPORT - ZAVENTEM,336,380.84,2.27,71,23.0,2.0,6.85,1.19,0.0,BRUSSELS AIRPORT - ZAVENTEM,1000,300,250,1000,761.68,0.239067055393586,1.9226716798863785,67.0
BUDA,370,360.61,1.95,76,22.0,2.0,5.95,1.08,0.0,BUDA,1000,300,250,1000,721.22,0.22546161321671526,1.692661629628518,78.0
BUGGENHOUT,142,156.2,2.2,29,8.0,1.0,5.63,1.41,96.0,BUGGENHOUT,562,236,187,562,175.57,0.0456754130223518,-1.2493162714150188,393.0
BUIZINGEN,426,683.55,3.21,95,44.0,8.0,10.33,3.99,97.0,BUIZINGEN,514,175,114,514,702.69,0.20505344995140914,3.40878786439984,42.0
BURST,255,325.41,2.55,53,18.0,6.0,7.06,4.31,98.0,BURST,927,128,110,927,603.31,0.13313896987366375,0.6330893087075085,157.0
CALLENELLE,148,159.21,2.15,30,10.0,2.0,6.76,3.38,0.0,CALLENELLE,1000,300,250,1000,318.42,0.056365403304178816,-0.8397056418403411,334.0
CAMBRON-CASTEAU,91,107.815,2.37,20,6.0,0.0,6.59,1.1,100.0,CAMBRON-CASTEAU,156,251,146,156,33.64,0.034013605442176874,-1.410568953698633,419.0
CARLSBOURG,60,28.935,0.96,12,0.0,0.0,0.0,0.0,101.0,CARLSBOURG,44,11,34,44,2.55,0.031098153547133137,-3.3647613716481404,568.0
CARNIERES,185,194.075,2.1,38,10.0,2.0,5.41,2.7,102.0,CARNIERES,111,38,22,111,43.08,0.09718172983479106,-0.6226712730464039,301.0
CEROUX-MOUSTY,131,69.94,1.07,29,3.0,0.0,2.29,0.0,103.0,CEROUX-MOUSTY,170,27,20,170,23.78,0.07191448007774538,-2.065673924718791,464.0
CHAPELLE-DIEU,45,48.53,1.08,9,2.0,0.0,4.44,0.0,0.0,CHAPELLE-DIEU,1000,300,250,1000,48.53,0.0029154518950437317,-2.5139834172947313,512.0
CHAPOIS,118,115.61,1.96,25,7.0,2.0,5.93,2.54,105.0,CHAPOIS,48,29,14,48,11.1,0.07580174927113703,-1.0943443191411257,373.0
CHARLEROI-CENTRAL,442,380.475,1.72,92,14.0,4.0,3.17,1.58,0.0,CHARLEROI-CENTRAL,1000,300,250,1000,760.95,0.25170068027210885,1.5587113501491552,85.0
CHARLEROI-OUEST,136,73.19,1.08,30,2.0,1.0,1.47,1.47,106.0,CHARLEROI-OUEST,93,14,15,93,13.61,0.0728862973760933,-2.237469426973035,490.0
CHASTRE,291,395.275,2.72,60,24.0,5.0,8.25,3.44,108.0,CHASTRE,370,79,48,370,292.5,0.1477162293488824,1.3226126473759594,100.0
CHATEAU-DE-SEILLES,192,232.84,2.43,39,12.0,2.0,6.25,1.56,109.0,CHATEAU-DE-SEILLES,136,25,14,136,63.33,0.08940719144800778,-0.3807391712761259,275.0
CHATELET,225,314.11,2.79,48,18.0,4.0,8.0,3.56,110.0,CHATELET,702,209,202,702,441.01,0.1098153547133139,0.5207374785278387,172.0
CHAUDFONTAINE,241,294.85,2.45,50,24.0,4.0,9.96,2.9,111.0,CHAUDFONTAINE,94,21,12,94,55.43,0.10689990281827016,1.0188351414465948,118.0
CHENEE,287,538.19,3.75,60,38.0,8.0,13.24,5.23,112.0,CHENEE,94,21,17,94,101.18,0.13313896987366375,2.6765544009053146,56.0
CINEY,142,121.41,1.71,30,8.0,1.0,5.63,1.41,113.0,CINEY,2127,805,1090,2127,516.48,0.09426627793974733,-0.8892378683553481,347.0
COMBLAIN-LA-TOUR,69,45.35,1.31,14,0.0,0.0,0.0,0.0,114.0,COMBLAIN-LA-TOUR,127,44,54,127,11.52,0.034013605442176874,-3.273447013923513,560.0
COO,70,81.89,2.34,14,4.0,1.0,5.71,2.86,116.0,COO,35,50,66,35,5.73,0.023323615160349854,-1.8578820975058354,449.0
COUILLET,231,295.55,2.56,49,14.0,4.0,6.06,3.03,0.0,COUILLET,1000,300,250,1000,591.1,0.1098153547133139,0.02942652939428432,223.0
COUR-SUR-HEURE,67,33.575,1.0,15,2.0,0.0,2.99,0.0,118.0,COUR-SUR-HEURE,32,16,9,32,2.15,0.026239067055393587,-2.6135468456943403,519.0
COURCELLES-MOTTE,197,182.29,1.85,40,8.0,1.0,4.06,1.02,119.0,COURCELLES-MOTTE,167,19,17,167,60.88,0.0826044703595724,-1.0540458268706747,363.0
COURRIERE,178,157.9,1.77,37,8.0,1.0,4.49,1.12,120.0,COURRIERE,219,61,40,219,69.16,0.062196307094266275,-1.2410642145004767,391.0
COURT-SAINT-ETIENNE,131,78.515,1.2,29,2.0,0.0,1.53,0.0,121.0,COURT-SAINT-ETIENNE,371,50,37,371,58.26,0.07774538386783285,-2.192923089607261,483.0
COUVIN,29,6.675,0.46,6,0.0,0.0,0.0,0.0,122.0,COUVIN,134,28,29,134,1.79,0.01749271137026239,-3.6512088767934388,598.0
DAVE-SAINT-MARTIN,178,185.11,2.08,37,12.0,2.0,6.74,2.81,123.0,DAVE-SAINT-MARTIN,86,36,22,86,31.84,0.08649173955296405,-0.42312485925034904,278.0
DE HOEK,368,409.94,2.23,75,21.0,3.0,5.71,1.63,124.0,DE HOEK,204,192,91,204,167.26,0.12439261418853255,0.8392628902778388,134.0
DE PANNE,35,9.75,0.56,7,0.0,0.0,0.0,0.0,125.0,DE PANNE,876,601,731,876,17.08,0.03206997084548105,-3.496486033155141,582.0
DE PINTE,358,326.81,1.83,74,20.0,3.0,5.59,1.68,126.0,DE PINTE,1569,431,420,1569,1025.53,0.17978620019436345,1.1136388731962448,110.0
DEINZE,242,316.16,2.61,53,18.0,4.0,7.44,2.89,127.0,DEINZE,2050,633,739,2050,1296.26,0.13702623906705538,0.7053954057197709,147.0
DEINZE-WIJKSPOREN,237,209.465,1.77,50,14.0,2.0,5.91,2.11,0.0,DEINZE-WIJKSPOREN,1000,300,250,1000,418.93,0.11467444120505345,-0.08970650185496114,240.0
DELTA,119,136.135,2.29,24,6.0,2.0,5.04,2.52,0.0,DELTA,1000,300,250,1000,272.27,0.05539358600583091,-1.44692418524147,427.0
DENDERLEEUW,589,605.44,2.06,120,30.0,6.0,5.09,2.21,129.0,DENDERLEEUW,11196,2076,1843,11196,13557.01,0.28960155490767736,3.658943141386255,40.0
DENDERMONDE,278,181.275,1.3,56,9.0,1.0,3.24,0.72,130.0,DENDERMONDE,5757,1363,1492,5757,2087.2,0.15160349854227406,-0.28423674328182214,261.0
DIEGEM,804,1360.8,3.39,170,90.0,12.0,11.19,2.99,131.0,DIEGEM,1357,453,337,1357,3693.21,0.40816326530612246,8.180352991388725,11.0
DIEPENBEEK,147,104.79,1.43,31,8.0,0.0,5.44,0.0,132.0,DIEPENBEEK,522,73,75,522,109.4,0.038872691933916424,-1.4209409802165756,422.0
DIESDELLE,294,338.085,2.3,60,18.0,2.0,6.12,1.7,0.0,DIESDELLE,1000,300,250,1000,676.17,0.1292517006802721,0.554535716012345,169.0
DIEST,274,337.01,2.46,56,20.0,1.0,7.3,0.73,133.0,DIEST,3072,780,720,3072,2070.59,0.09620991253644315,0.5152637517231425,173.0
DIKSMUIDE,75,78.735,2.1,15,2.0,2.0,2.67,4.0,134.0,DIKSMUIDE,569,244,415,569,89.6,0.04664723032069971,-2.4093418575324317,501.0
DILBEEK,135,67.9,1.01,27,2.0,0.0,1.48,0.0,135.0,DILBEEK,715,139,164,715,97.1,0.05344995140913508,-2.4106947272951644,503.0
DINANT,95,44.11,0.93,19,0.0,0.0,0.0,0.0,136.0,DINANT,1107,403,458,1107,97.66,0.042759961127308066,-3.087277049172692,553.0
DOLHAIN-GILEPPE,179,272.585,3.05,37,16.0,4.0,8.94,3.91,137.0,DOLHAIN-GILEPPE,122,29,19,122,66.51,0.06899902818270165,0.13585772944236413,210.0
DRONGEN,329,149.14,0.91,68,10.0,3.0,3.04,1.82,138.0,DRONGEN,434,68,84,434,129.45,0.20116618075801748,0.20779082623895348,202.0
DUFFEL,604,1004.765,3.33,128,56.0,12.0,9.27,4.14,139.0,DUFFEL,856,328,216,856,1720.16,0.3012633624878523,5.286174978463834,28.0
DUINBERGEN,88,58.19,1.32,18,2.0,0.0,2.27,0.0,140.0,DUINBERGEN,212,114,118,212,24.67,0.02040816326530612,-2.711905400814336,533.0
ECAUSSINNES,144,144.06,2.0,29,8.0,1.0,5.56,1.39,141.0,ECAUSSINNES,710,286,257,710,204.57,0.038872691933916424,-1.3356073251697902,406.0
EDE,231,314.95,2.73,48,16.0,6.0,6.93,5.19,0.0,EDE,1000,300,250,1000,629.9,0.12439261418853255,0.40561330676706064,180.0
EDINGEN,302,546.635,3.62,62,32.0,10.0,10.6,6.29,0.0,EDINGEN,1000,300,250,1000,1093.27,0.12342079689018465,2.029276227266232,65.0
EEKLO,35,16.7,0.95,7,1.0,0.0,2.86,0.0,143.0,EEKLO,820,326,211,820,27.39,0.021379980563654033,-2.853523039485644,541.0
EICHEM,149,198.915,2.67,30,10.0,2.0,6.71,2.68,144.0,EICHEM,93,24,21,93,37.0,0.0456754130223518,-0.8779578742471409,341.0
EINE,120,60.085,1.0,24,2.0,0.0,1.67,0.83,145.0,EINE,491,107,64,491,59.0,0.03304178814382896,-2.61416395079022,520.0
EKE-NAZARETH,120,89.565,1.49,24,3.0,0.0,2.5,0.83,146.0,EKE-NAZARETH,417,90,68,417,74.7,0.052478134110787174,-2.19055784796263,480.0
EKEREN,178,276.7,3.11,37,16.0,2.0,8.99,2.81,147.0,EKEREN,1206,286,285,1206,667.4,0.09426627793974733,0.37801492576032547,187.0
ENGIS,192,217.735,2.27,39,13.0,1.0,6.77,1.04,149.0,ENGIS,175,33,36,175,76.21,0.09620991253644315,-0.21710092109855325,253.0
EPPEGEM,547,506.275,1.85,112,27.0,2.0,4.94,0.91,150.0,EPPEGEM,871,131,119,871,881.93,0.282798833819242,2.93594271306013,52.0
ERBISOEUL,294,436.75,2.97,60,23.0,4.0,7.82,2.38,0.0,ERBISOEUL,1000,300,250,1000,873.5,0.12050534499514091,1.0794117830749705,111.0
EREMBODEGEM,276,232.465,1.68,56,8.0,1.0,2.9,0.72,152.0,EREMBODEGEM,1001,263,218,1001,465.39,0.12147716229348883,-0.5832857342936618,296.0
ERNAGE,291,431.415,2.97,60,27.0,6.0,9.28,3.78,153.0,ERNAGE,107,25,22,107,92.32,0.13411078717201166,1.5236341832385087,89.0
ERPE-MERE,48,20.92,0.44,10,0.0,0.0,0.0,0.0,0.0,ERPE-MERE,1000,300,250,1000,20.92,0.001943634596695821,-3.6762583226991135,599.0
ERPS-KWERPS,706,999.665,2.83,147,68.0,12.0,9.63,3.26,155.0,ERPS-KWERPS,289,50,54,289,577.81,0.3848396501457726,6.490956086855916,21.0
ERQUELINNES,47,19.79,0.84,10,0.0,0.0,0.0,0.0,156.0,ERQUELINNES,197,93,114,197,7.8,0.023323615160349854,-3.5019421488386726,583.0
ERQUELINNES-VILLAGE,76,49.715,1.31,16,0.0,0.0,0.0,0.0,157.0,ERQUELINNES-VILLAGE,42,11,9,42,4.18,0.019436345966958212,-3.3593148784288682,567.0
ESNEUX,144,176.085,2.45,29,8.0,1.0,5.56,1.39,158.0,ESNEUX,176,60,78,176,61.98,0.052478134110787174,-1.1699167560588337,386.0
ESSEN,121,128.265,2.12,25,4.0,1.0,3.31,1.65,159.0,ESSEN,1668,491,442,1668,427.89,0.05928085519922255,-1.8516019008771112,447.0
ESSENE-LOMBEEK,135,73.95,1.1,27,2.0,0.0,1.48,0.0,160.0,ESSENE-LOMBEEK,327,67,56,327,48.36,0.056365403304178816,-2.37695483717568,499.0
ETTERBEEK,671,903.26,2.69,139,63.0,7.0,9.39,2.09,161.0,ETTERBEEK,7924,819,693,7924,14314.86,0.29737609329446063,5.680579536721828,27.0
EUPEN,30,5.06,0.34,6,0.0,0.0,0.0,0.0,162.0,EUPEN,560,582,420,560,5.67,0.019436345966958212,-3.6330738021719324,595.0
EVERE,406,538.485,2.65,84,30.0,2.0,7.39,0.99,163.0,EVERE,690,48,31,690,743.11,0.15451895043731778,1.9106250705784658,68.0
EVERGEM,80,55.91,1.4,16,3.0,0.0,3.75,0.0,164.0,EVERGEM,351,52,76,351,39.25,0.021379980563654033,-2.36841677965003,497.0
EZEMAAL,321,419.44,2.61,68,27.0,2.0,8.41,1.25,165.0,EZEMAAL,233,114,81,233,195.46,0.1467444120505345,1.5228515246914853,90.0
FAMILLEUREUX,144,127.175,1.77,29,6.0,0.0,4.17,0.69,0.0,FAMILLEUREUX,1000,300,250,1000,254.35,0.05053449951409135,-1.6148743745732907,437.0
FARCIENNES,227,353.64,3.12,52,20.0,4.0,8.81,3.52,167.0,FARCIENNES,165,25,25,165,116.7,0.11661807580174927,0.8504637051571499,133.0
FAUX,131,73.835,1.13,29,2.0,0.0,1.53,0.0,168.0,FAUX,153,23,20,153,22.59,0.07968901846452867,-2.1851284127355166,478.0
FEXHE-LE-HAUT-CLOCHER,156,136.875,1.75,33,7.0,2.0,4.49,1.92,0.0,FEXHE-LE-HAUT-CLOCHER,1000,300,250,1000,273.75,0.05344995140913508,-1.4409118271260062,425.0
FLAWINNE,214,235.965,2.21,48,15.0,2.0,7.01,1.87,170.0,FLAWINNE,70,8,4,70,33.04,0.10884353741496598,0.07503615958480861,220.0
FLEMALLE-ANNEXE,119,74.065,1.24,24,2.0,0.0,1.68,0.0,0.0,FLEMALLE-ANNEXE,1000,300,250,1000,148.13,0.029154518950437316,-2.6234040715383564,522.0
FLEMALLE-GRANDE,198,176.385,1.78,40,10.0,0.0,5.05,0.51,171.0,FLEMALLE-GRANDE,91,29,22,91,32.1,0.119533527696793,-0.4981951568045081,285.0
FLEMALLE-HAUTE,255,242.7,1.9,52,14.0,0.0,5.49,0.39,172.0,FLEMALLE-HAUTE,1198,354,294,1198,581.51,0.119533527696793,-0.01737805291901609,231.0
FLEURUS,133,67.1,1.01,29,1.0,0.0,0.75,0.75,173.0,FLEURUS,420,168,139,420,56.36,0.06316812439261418,-2.5235417804259397,514.0
FLOREE,177,157.375,1.78,37,8.0,2.0,4.52,2.26,0.0,FLOREE,1000,300,250,1000,314.75,0.08066083576287658,-1.0771152555666956,368.0
FLOREFFE,216,299.06,2.77,50,19.0,2.0,8.8,1.85,174.0,FLOREFFE,169,35,31,169,101.08,0.08066083576287658,0.40430497249871455,181.0
FLORENVILLE,74,65.75,1.78,15,3.0,0.0,4.05,0.0,175.0,FLORENVILLE,160,57,146,160,21.04,0.008746355685131196,-2.4094031590190452,502.0
FLORIVAL,177,93.7,1.06,37,2.0,1.0,1.13,1.13,176.0,FLORIVAL,93,9,10,93,17.43,0.07677356656948493,-2.078633729272687,466.0
FONTAINE-VALMONT,82,55.14,1.34,17,0.0,0.0,0.0,0.0,177.0,FONTAINE-VALMONT,78,27,26,78,8.6,0.029154518950437316,-3.241983066655772,559.0
FORCHIES,187,212.1,2.27,38,10.0,4.0,5.35,4.28,178.0,FORCHIES,134,32,24,134,56.84,0.08843537414965986,-0.6725715372059841,306.0
FORRIERES,111,112.66,2.03,23,8.0,2.0,7.21,3.6,181.0,FORRIERES,37,43,13,37,8.34,0.05053449951409135,-1.0204154809901114,359.0
FRAIPONT,241,287.725,2.39,51,20.0,4.0,8.3,3.32,182.0,FRAIPONT,90,44,35,90,51.79,0.09620991253644315,0.49761939747123607,174.0
FRAMERIES,88,189.36,4.3,20,8.0,2.0,9.09,4.55,0.0,FRAMERIES,1000,300,250,1000,378.72,0.029154518950437316,-0.6894525729429754,309.0
FRANCHIMONT,64,47.65,1.49,13,0.0,0.0,0.0,0.0,184.0,FRANCHIMONT,303,20,18,303,28.88,0.010689990281827016,-3.488077330015633,580.0
FRANIERE,216,335.825,3.11,48,22.0,2.0,10.19,1.85,185.0,FRANIERE,138,31,23,138,92.69,0.08551992225461613,0.8575892556940212,132.0
FROYENNES,194,354.815,3.66,42,24.0,4.0,12.37,4.64,186.0,FROYENNES,863,46,36,863,612.41,0.05150631681243926,1.0681101051418989,112.0
GALMAARDEN,117,249.625,4.27,24,16.0,4.0,13.68,6.84,187.0,GALMAARDEN,354,44,52,354,176.73,0.04470359572400389,0.8220213699277312,136.0
GASTUCHE,177,77.34,0.87,37,2.0,1.0,1.13,1.13,188.0,GASTUCHE,227,20,22,227,35.11,0.07774538386783285,-2.0974906252572323,470.0
GAVERE-ASPER,120,78.075,1.3,24,2.0,0.0,1.67,0.83,189.0,GAVERE-ASPER,508,109,84,508,79.32,0.042759961127308066,-2.501319773321664,510.0
GEDINNE,60,29.315,0.98,12,0.0,0.0,0.0,0.0,190.0,GEDINNE,108,47,112,108,6.33,0.022351797862001945,-3.4380138537640645,577.0
GEDINNE-MARCHANDISES,60,40.54,1.35,12,0.0,0.0,0.0,0.0,0.0,GEDINNE-MARCHANDISES,1000,300,250,1000,81.08,0.015549076773566569,-3.475054847002501,579.0
GEEL,133,157.01,2.36,27,10.0,2.0,7.52,2.26,191.0,GEEL,1686,615,635,1686,529.44,0.043731778425655975,-0.8187065733463192,327.0
GEMBLOUX,317,707.175,2.97,65,42.0,8.0,13.25,3.47,192.0,GEMBLOUX,6738,1591,1736,6738,6353.26,0.1467444120505345,3.3454355456293836,44.0
GENDRON-CELLES,65,27.415,0.84,13,0.0,0.0,0.0,0.0,193.0,GENDRON-CELLES,25,19,18,25,1.37,0.0184645286686103,-3.452579275757896,578.0
GENK,45,11.085,0.49,9,0.0,0.0,0.0,0.0,194.0,GENK,888,715,1422,888,19.69,0.034013605442176874,-3.4345263489637126,575.0
GENLY,83,166.59,4.01,19,6.0,2.0,7.23,4.82,0.0,GENLY,1000,300,250,1000,333.18,0.02040816326530612,-1.2934840601775617,402.0
GENT-DAMPOORT,330,407.19,2.47,66,22.0,3.0,6.67,1.82,196.0,GENT-DAMPOORT,6312,2174,1811,6312,5140.37,0.15160349854227406,1.2524225283669603,105.0
GENT-SINT-PIETERS,844,711.29,1.69,174,36.0,7.0,4.27,1.66,197.0,GENT-SINT-PIETERS,55325,25486,20416,55325,78704.24,0.49271137026239065,7.886919506288092,12.0
GENT-SINT-PIETERS-BUNDELS,1,0.65,0.65,1,0.0,0.0,0.0,0.0,0.0,GENT-SINT-PIETERS-BUNDELS,1000,300,250,1000,0.65,0.0,-3.930318999620809,604.0
GENT-ZEEHAVEN,1,0.95,0.95,1,0.0,0.0,0.0,0.0,0.0,GENT-ZEEHAVEN,1000,300,250,1000,0.95,0.0,-3.9298087223442204,603.0
GENTBRUGGE,330,300.94,1.82,66,16.0,2.0,4.85,1.21,198.0,GENTBRUGGE,460,166,69,460,276.86,0.16909620991253643,0.6555800328173353,151.0
GENTBRUGGE-PERRON C.W.,320,260.26,1.63,64,14.0,2.0,4.38,1.25,0.0,GENTBRUGGE-PERRON C.W.,1000,300,250,1000,520.52,0.16326530612244897,0.3815559024728652,186.0
GENVAL,379,602.885,3.18,79,38.0,6.0,10.03,3.17,199.0,GENVAL,1493,378,391,1493,1800.21,0.20505344995140914,3.0187491078446906,50.0
GERAARDSBERGEN,205,207.45,2.02,42,10.0,2.0,4.88,1.95,200.0,GERAARDSBERGEN,2656,857,711,2656,1101.97,0.1292517006802721,-0.35287677648304683,269.0
GHLIN,294,409.21,2.78,60,22.0,2.0,7.48,1.7,0.0,GHLIN,1000,300,250,1000,818.42,0.10301263362487852,0.7982427951462342,140.0
GLONS,59,25.125,0.85,12,0.0,0.0,0.0,0.0,203.0,GLONS,113,34,29,113,5.68,0.015549076773566569,-3.506920060546906,584.0
GODARVILLE,69,33.51,0.97,14,0.0,0.0,0.0,0.0,204.0,GODARVILLE,110,25,20,110,7.37,0.02040816326530612,-3.4084867302300594,572.0
GODINNE,125,106.74,1.71,25,2.0,1.0,1.6,1.6,205.0,GODINNE,367,135,136,367,78.35,0.03984450923226433,-2.4739219642736923,508.0
GONTRODE,110,90.325,1.64,23,4.0,1.0,3.64,1.82,206.0,GONTRODE,152,49,25,152,27.46,0.023323615160349854,-2.1925427516406697,482.0
GOUVY,65,57.185,1.76,13,4.0,1.0,6.15,3.08,207.0,GOUVY,198,106,120,198,22.65,0.01749271137026239,-1.8589152768195245,450.0
GOUY-LEZ-PIETON,69,31.55,0.91,14,1.0,0.0,1.45,0.0,208.0,GOUY-LEZ-PIETON,109,15,13,109,6.88,0.014577259475218658,-3.0953187327055205,555.0
GRAIDE,60,8.375,0.28,12,0.0,0.0,0.0,0.0,209.0,GRAIDE,73,56,80,73,1.22,0.015549076773566569,-3.5308172095985273,590.0
GROENENDAAL,379,639.115,3.37,79,46.0,6.0,12.14,3.17,210.0,GROENENDAAL,696,178,181,696,889.65,0.18075801749271136,3.3862855184784815,43.0
GROOT-BIJGAARDEN,140,90.275,1.29,28,3.0,0.0,2.14,0.0,211.0,GROOT-BIJGAARDEN,514,101,72,514,92.8,0.047619047619047616,-2.2344344160852003,489.0
GRUPONT,110,115.785,2.11,23,9.0,2.0,8.18,4.55,212.0,GRUPONT,41,31,22,41,9.49,0.04178814382896016,-0.8487419821617044,335.0
HAACHT,165,152.135,1.84,35,9.0,2.0,5.45,1.82,213.0,HAACHT,685,166,182,685,208.42,0.06025267249757046,-1.0781232511660153,369.0
HAACHT-WIJKSPOOR,165,156.01,1.89,35,10.0,2.0,6.06,1.82,0.0,HAACHT-WIJKSPOOR,1000,300,250,1000,312.02,0.043731778425655975,-1.0551785503597553,364.0
HAALTERT,231,296.69,2.57,48,15.0,6.0,6.49,4.76,214.0,HAALTERT,457,122,130,457,271.17,0.11661807580174927,0.19029235744636075,204.0
HABAY,131,118.5,1.81,27,5.0,0.0,3.82,0.76,215.0,HABAY,46,23,30,46,10.9,0.03304178814382896,-1.9272384626042205,454.0
HAININ,78,131.39,3.37,16,8.0,1.0,10.26,2.56,216.0,HAININ,100,39,32,100,26.28,0.023323615160349854,-0.5919382604878993,297.0
HALANZY,75,56.265,1.5,15,4.0,0.0,5.33,0.0,0.0,HALANZY,1000,300,250,1000,112.53,0.01652089407191448,-2.0303321120724873,459.0
HALLE,892,1619.51,3.63,185,86.0,21.0,9.64,4.71,218.0,HALLE,9424,2018,1607,9424,30524.52,0.337220602526725,8.595914219496988,10.0
HALLE-GOEDEREN,42,62.065,2.96,11,3.0,0.0,7.14,2.38,0.0,HALLE-GOEDEREN,1000,300,250,1000,124.13,0.015549076773566569,-1.714590435141518,442.0
HAM-SUR-HEURE,73,29.365,0.8,16,2.0,0.0,2.74,0.0,219.0,HAM-SUR-HEURE,67,13,32,67,3.93,0.02040816326530612,-2.707024600150846,532.0
HAM-SUR-SAMBRE,216,286.51,2.65,48,22.0,2.0,10.19,2.31,0.0,HAM-SUR-SAMBRE,1000,300,250,1000,573.02,0.08357628765792031,0.7689533171138713,143.0
HAMBOS,165,156.385,1.9,35,9.0,2.0,5.45,1.82,0.0,HAMBOS,1000,300,250,1000,312.77,0.05150631681243926,-1.1426599904531076,378.0
HAMOIR,69,43.275,1.25,14,0.0,0.0,0.0,0.0,221.0,HAMOIR,208,65,56,208,18.0,0.026239067055393587,-3.342542232588978,564.0
HAMONT,30,8.54,0.57,6,0.0,0.0,0.0,0.0,222.0,HAMONT,171,45,121,171,2.92,0.019436345966958212,-3.627292017241653,594.0
HANSBEKE,330,201.775,1.22,68,10.0,4.0,3.03,2.12,223.0,HANSBEKE,246,62,62,246,99.27,0.20699708454810495,0.3466075594469255,188.0
HARCHIES,146,171.36,2.35,30,10.0,4.0,6.85,4.79,0.0,HARCHIES,1000,300,250,1000,342.72,0.0641399416909621,-0.7389573920870094,315.0
HARELBEKE,156,226.9,2.91,35,12.0,2.0,7.69,3.21,225.0,HARELBEKE,1076,402,436,1076,488.29,0.08649173955296405,-0.19833239680212983,251.0
HAREN,405,484.4,2.39,84,24.0,2.0,5.93,0.74,226.0,HAREN,276,25,12,276,267.39,0.14868804664723032,1.3873834319823908,96.0
HAREN-ZUID,678,1187.35,3.5,145,84.0,12.0,12.39,3.39,0.0,HAREN-ZUID,1000,300,250,1000,2374.7,0.35179786200194363,7.141467006470893,17.0
HASSELT,334,318.515,1.91,68,20.0,1.0,5.99,0.6,228.0,HASSELT,7279,2839,2777,7279,4636.94,0.20116618075801748,1.35737699862251,99.0
HATRIVAL,110,117.56,2.14,23,8.0,2.0,7.27,2.73,0.0,HATRIVAL,1000,300,250,1000,235.12,0.04178814382896016,-1.0703464752076253,365.0
HAUTE-FLONE,192,217.7,2.27,39,12.0,2.0,6.25,1.56,229.0,HAUTE-FLONE,99,26,13,99,43.1,0.11661807580174927,-0.17646262468847818,248.0
HAVERSIN,117,93.8,1.6,25,8.0,1.0,6.84,1.71,230.0,HAVERSIN,90,28,18,90,16.88,0.0728862973760933,-0.9302512253212618,350.0
HAVINNES,148,199.49,2.7,30,12.0,3.0,8.11,4.05,0.0,HAVINNES,1000,300,250,1000,398.98,0.04859086491739553,-0.49549967036445186,284.0
HAVRE,186,171.2,1.84,38,10.0,4.0,5.38,3.76,231.0,HAVRE,90,8,24,90,30.82,0.09329446064139942,-0.6974687646584989,311.0
HEIDE,175,275.56,3.15,37,16.0,2.0,9.14,1.71,232.0,HEIDE,1149,348,332,1149,633.24,0.07482993197278912,0.23583435836931416,200.0
HEIST,87,56.89,1.31,18,4.0,0.0,4.6,0.0,233.0,HEIST,414,208,258,414,47.1,0.03012633624878523,-2.0479431031644477,463.0
HEIST-OP-DEN-BERG,188,257.61,2.74,39,15.0,2.0,7.98,2.13,234.0,HEIST-OP-DEN-BERG,1744,896,762,1744,898.54,0.0641399416909621,-0.11530067431534285,242.0
HEIZIJDE,179,310.5,3.47,36,19.0,4.0,10.61,3.91,235.0,HEIZIJDE,276,42,30,276,171.4,0.07482993197278912,0.6724253340354489,150.0
HEMIKSEM,114,126.315,2.22,24,6.0,2.0,5.26,2.63,236.0,HEMIKSEM,262,42,68,262,66.19,0.04664723032069971,-1.5080431618937367,429.0
HENNUYERES,348,498.4,2.86,73,32.0,4.0,9.2,2.01,237.0,HENNUYERES,438,125,88,438,436.6,0.15451895043731778,2.042478486006987,64.0
HENNUYERES-GARAGE,348,444.565,2.55,73,30.0,4.0,8.62,2.01,0.0,HENNUYERES-GARAGE,1000,300,250,1000,889.13,0.15743440233236153,1.8404232884119316,74.0
HERENT,705,1232.615,3.5,147,81.0,13.0,11.49,3.69,238.0,HERENT,605,127,112,605,1491.46,0.3654033041788144,7.202708069800221,16.0
HERENTALS,268,341.64,2.55,55,19.0,4.0,7.09,2.61,239.0,HERENTALS,3881,1161,1115,3881,2651.81,0.10787172011661808,0.5555810584956844,168.0
HERGENRATH,107,353.785,6.61,23,17.0,6.0,15.89,10.28,240.0,HERGENRATH,43,24,15,43,30.43,0.04859086491739553,1.540826860384643,87.0
HERMALLE-SOUS-HUY,192,208.685,2.17,39,13.0,1.0,6.77,1.04,0.0,HERMALLE-SOUS-HUY,1000,300,250,1000,417.37,0.119533527696793,-0.027505220686716708,234.0
HERNE,117,247.515,4.23,24,15.0,4.0,12.82,6.84,241.0,HERNE,326,65,63,326,161.38,0.0456754130223518,0.6094111591770545,160.0
HERSEAUX,121,196.21,3.24,26,14.0,2.0,11.57,4.13,242.0,HERSEAUX,576,215,165,576,226.03,0.04081632653061224,0.18556333523066576,205.0
HERSTAL,332,248.725,1.5,69,12.0,0.0,3.61,0.0,243.0,HERSTAL,328,282,202,328,163.16,0.1360544217687075,-0.018211812666074995,232.0
HERZELE,231,291.05,2.52,48,16.0,6.0,6.93,4.76,244.0,HERZELE,459,125,133,459,267.18,0.09426627793974733,0.10268820546944092,218.0
HEUSDEN,59,71.765,2.43,12,6.0,0.0,10.17,1.69,245.0,HEUSDEN,148,64,55,148,21.24,0.019436345966958212,-0.8298550870618521,331.0
HEVER,165,164.935,2.0,35,9.0,2.0,5.45,1.82,0.0,HEVER,1000,300,250,1000,329.87,0.07482993197278912,-0.930664915414755,351.0
HEVERLEE,177,88.285,1.0,37,2.0,1.0,1.13,1.13,247.0,HEVERLEE,533,37,43,533,94.11,0.06608357628765792,-2.1764457153137364,476.0
HILLEGEM,231,269.46,2.33,48,14.0,4.0,6.06,3.03,0.0,HILLEGEM,1000,300,250,1000,538.92,0.11467444120505345,0.025570455489291974,224.0
HOBOKEN-POLDER,117,117.74,2.01,24,6.0,2.0,5.13,2.56,249.0,HOBOKEN-POLDER,344,102,89,344,81.01,0.0641399416909621,-1.393992713694339,417.0
HOEILAART,379,668.585,3.53,79,48.0,6.0,12.66,3.17,250.0,HOEILAART,234,116,113,234,312.9,0.21379980563654033,3.833673649595137,37.0
HOLLEKEN,372,390.26,2.1,75,18.0,3.0,4.84,1.61,252.0,HOLLEKEN,170,165,86,170,132.69,0.1554907677356657,0.8662960312181107,130.0
HONY,144,150.94,2.1,29,8.0,1.0,5.56,1.39,253.0,HONY,36,19,18,36,10.87,0.04664723032069971,-1.2625751653917907,397.0
HOURAING,79,127.385,3.22,16,8.0,1.0,10.13,2.53,254.0,HOURAING,144,32,25,144,36.69,0.0369290573372206,-0.5118343831785291,288.0
HOURPES,83,49.765,1.2,17,2.0,0.0,2.41,0.0,0.0,HOURPES,1000,300,250,1000,99.53,0.024295432458697766,-2.677815089467714,525.0
HOUYET,65,41.185,1.27,13,1.0,0.0,1.54,0.0,256.0,HOUYET,91,48,40,91,7.5,0.023323615160349854,-2.9997403231576287,545.0
HOVE,524,880.96,3.36,112,43.0,12.0,8.21,4.39,257.0,HOVE,523,112,150,523,921.48,0.3206997084548105,4.611911662826118,32.0
HUIZINGEN,176,198.735,2.26,36,10.0,2.0,5.68,1.7,0.0,HUIZINGEN,1000,300,250,1000,397.47,0.06316812439261418,-0.8654943160200967,339.0
HUY,197,241.985,2.46,40,14.0,2.0,7.11,2.54,259.0,HUY,2058,719,592,2058,996.01,0.1185617103984451,0.1403276757479518,209.0
IDDERGEM,149,212.21,2.85,30,12.0,2.0,8.05,2.68,260.0,IDDERGEM,177,44,45,177,75.12,0.04470359572400389,-0.5249797265605762,291.0
IDEGEM,144,196.985,2.74,29,12.0,2.0,8.33,2.78,261.0,IDEGEM,199,43,34,199,78.4,0.043731778425655975,-0.5096640997114055,287.0
IEPER,84,123.21,2.93,17,6.0,1.0,7.14,2.38,262.0,IEPER,1190,613,718,1190,293.24,0.037900874635568516,-1.2376282911598775,388.0
INGELMUNSTER,146,230.165,3.15,31,8.0,2.0,5.48,2.05,263.0,INGELMUNSTER,782,200,186,782,359.98,0.06511175898931001,-0.9772357090829669,356.0
IZEGEM,146,285.15,3.91,31,9.0,2.0,6.16,3.42,264.0,IZEGEM,1343,368,397,1343,765.91,0.0728862973760933,-0.6386734727115456,303.0
IZEGEM-SAS,146,265.51,3.64,31,8.0,2.0,5.48,3.42,0.0,IZEGEM-SAS,1000,300,250,1000,531.02,0.06899902818270165,-0.8812458996781718,342.0
JAMBES,175,115.2,1.32,37,4.0,2.0,2.29,2.29,265.0,JAMBES,1118,429,300,1118,257.59,0.08163265306122448,-1.712159945195404,441.0
JAMBES-EST,172,171.685,2.0,36,10.0,2.0,5.81,2.91,266.0,JAMBES-EST,129,44,23,129,44.29,0.0826044703595724,-0.7388066569928021,314.0
JAMIOULX,78,17.7,0.45,17,0.0,0.0,0.0,0.0,267.0,JAMIOULX,35,11,14,35,1.24,0.02040816326530612,-3.396264830869823,571.0
JAVA,192,223.335,2.33,39,12.0,2.0,6.25,1.56,0.0,JAVA,1000,300,250,1000,446.67,0.0923226433430515,-0.36358249667693726,270.0
JEMAPPES,231,330.14,2.86,47,20.0,5.0,8.66,4.33,268.0,JEMAPPES,526,210,159,526,347.31,0.10301263362487852,0.6804761672782369,149.0
JEMEPPE-FROIDMONT,45,54.77,1.22,9,2.0,0.0,4.44,0.0,0.0,JEMEPPE-FROIDMONT,1000,300,250,1000,54.77,0.001943634596695821,-2.5115889650601257,511.0
JEMEPPE-SUR-MEUSE,198,176.425,1.78,40,12.0,0.0,6.06,0.51,269.0,JEMEPPE-SUR-MEUSE,132,27,22,132,46.58,0.1000971817298348,-0.4074065192226203,277.0
JEMEPPE-SUR-SAMBRE,238,284.115,2.39,53,21.0,2.0,8.82,1.68,270.0,JEMEPPE-SUR-SAMBRE,343,200,157,343,194.9,0.11078717201166181,0.7362168845446988,145.0
JEMEPPE-SUR-SAMBRE-MARCHANDISE,220,254.215,2.31,49,18.0,2.0,8.18,1.82,0.0,JEMEPPE-SUR-SAMBRE-MARCHANDISE,1000,300,250,1000,508.43,0.14480077745383868,0.7413612158309665,144.0
JETTE,319,422.14,2.65,64,28.0,4.0,8.78,2.19,271.0,JETTE,3484,726,585,3484,2941.47,0.15160349854227406,1.7137508639757584,77.0
JURBISE,293,496.2,3.39,60,26.0,4.0,8.87,2.39,272.0,JURBISE,1596,1931,1726,1596,1583.87,0.13411078717201166,1.5705179650718022,82.0
JUSLENVILLE,64,47.49,1.48,13,1.0,0.0,1.56,0.0,273.0,JUSLENVILLE,119,37,35,119,11.3,0.010689990281827016,-3.0951992569405338,554.0
KALMTHOUT,174,249.015,2.86,37,14.0,2.0,8.05,1.72,274.0,KALMTHOUT,1016,258,287,1016,506.0,0.07191448007774538,-0.11548775327429117,244.0
KAPELLE-OP-DEN-BOS,142,148.9,2.1,29,9.0,0.0,6.34,0.7,275.0,KAPELLE-OP-DEN-BOS,452,144,140,452,134.61,0.07580174927113703,-0.8285681263748946,330.0
KAPELLEN,176,344.84,3.92,37,18.0,2.0,10.23,2.84,276.0,KAPELLEN,1412,390,437,1412,973.83,0.10787172011661808,0.9184079400473473,126.0
KAPELLEN-WIJKSPOOR,178,257.75,2.9,37,14.0,2.0,7.87,1.69,0.0,KAPELLEN-WIJKSPOOR,1000,300,250,1000,515.5,0.07482993197278912,-0.10407430819884535,241.0
KESSEL,295,342.1,2.32,60,18.0,4.0,6.1,3.05,277.0,KESSEL,443,146,141,443,303.1,0.07968901846452867,0.1331384066004391,211.0
KIEWIT,84,108.64,2.59,17,8.0,0.0,9.52,1.19,278.0,KIEWIT,670,107,219,670,145.58,0.03206997084548105,-0.7142701863766409,313.0
KIJKUIT,177,267.585,3.02,37,14.0,2.0,7.91,1.69,279.0,KIJKUIT,207,88,78,207,110.78,0.07191448007774538,-0.11538018351107177,243.0
KINKEMPOIS-RELAIS,118,15.215,0.26,24,0.0,0.0,0.0,0.0,0.0,KINKEMPOIS-RELAIS,1000,300,250,1000,30.43,0.024295432458697766,-3.1940268522797024,558.0
KNOKKE,44,21.825,0.99,9,0.0,0.0,0.0,0.0,280.0,KNOKKE,786,778,971,786,34.31,0.023323615160349854,-3.510907516815432,587.0
KOKSIJDE,75,68.585,1.83,15,2.0,0.0,2.67,1.33,281.0,KOKSIJDE,296,114,313,296,40.6,0.024295432458697766,-2.616507502968316,521.0
KOMEN,89,146.785,3.3,18,6.0,1.0,6.74,2.25,0.0,KOMEN,1000,300,250,1000,293.57,0.028182701652089408,-1.359530114002946,413.0
KONTICH-LINT,524,858.19,3.28,112,44.0,12.0,8.4,4.58,282.0,KONTICH-LINT,979,275,339,979,1680.34,0.28668610301263364,4.350678538815857,33.0
KORTEMARK,75,78.575,2.1,15,5.0,0.0,6.67,1.33,283.0,KORTEMARK,524,178,373,524,82.35,0.03206997084548105,-1.523997315296754,430.0
KORTENBERG,705,1205.265,3.42,147,81.0,12.0,11.49,3.4,284.0,KORTENBERG,751,170,122,751,1810.31,0.3741496598639456,7.2377986704583765,15.0
KORTENBERG-GOEDEREN,291,349.825,2.4,65,27.0,4.0,9.28,2.75,0.0,KORTENBERG-GOEDEREN,1000,300,250,1000,699.65,0.15354713313896987,1.564439394063801,83.0
KORTRIJK,345,388.815,2.25,73,16.0,4.0,4.64,2.32,285.0,KORTRIJK,8581,4058,4081,8581,6672.84,0.18172983479105928,1.0629117866629487,113.0
KWATRECHT,265,178.94,1.35,54,8.0,2.0,3.02,1.13,286.0,KWATRECHT,84,43,54,84,30.06,0.14285714285714285,-0.5191977773222596,290.0
LA HULPE,379,609.96,3.22,79,40.0,6.0,10.55,3.17,287.0,LA HULPE,1305,331,321,1305,1592.0,0.20894071914480078,3.19008946711376,46.0
LA LOUVIERE-CENTRE,189,147.21,1.56,38,5.0,0.0,2.65,0.53,288.0,LA LOUVIERE-CENTRE,1330,935,704,1330,391.58,0.04470359572400389,-1.8164709680533617,444.0
LA LOUVIERE-GARE INDUSTRIELLE,188,111.335,1.18,38,4.0,0.0,2.13,0.53,0.0,LA LOUVIERE-GARE INDUSTRIELLE,1000,300,250,1000,222.67,0.05539358600583091,-1.9255142478879603,453.0
LA LOUVIERE-SUD,314,297.95,1.9,64,16.0,4.0,5.1,2.87,289.0,LA LOUVIERE-SUD,3124,1148,1293,3124,1861.59,0.12633624878522837,0.3177798313054949,194.0
LA ROCHE(BRABANT),131,16.76,0.26,29,0.0,0.0,0.0,0.0,0.0,LA ROCHE(BRABANT),1000,300,250,1000,33.52,0.07580174927113703,-2.699552288641137,529.0
LABUISSIERE,82,54.81,1.34,17,0.0,0.0,0.0,0.0,291.0,LABUISSIERE,70,20,15,70,7.67,0.015549076773566569,-3.3576280190942973,566.0
LANDEGEM,330,122.625,0.74,68,10.0,3.0,3.03,1.82,292.0,LANDEGEM,654,108,101,654,160.39,0.22740524781341107,0.3876793260500805,185.0
LANDELIES,81,58.99,1.46,17,0.0,0.0,0.0,0.0,293.0,LANDELIES,59,12,9,59,6.96,0.0184645286686103,-3.33029030133435,563.0
LANDEN,300,403.6,2.69,63,22.0,2.0,7.33,1.33,294.0,LANDEN,3448,1353,1305,3448,2783.23,0.16229348882410108,1.3216390238337952,101.0
LANDSKOUTER,110,90.49,1.65,23,4.0,1.0,3.64,1.82,0.0,LANDSKOUTER,1000,300,250,1000,180.98,0.023323615160349854,-2.1888791449924656,479.0
LANGDORP,275,304.465,2.21,56,22.0,1.0,8.0,0.73,296.0,LANGDORP,220,72,98,220,133.96,0.12439261418853255,0.8371721176465652,135.0
LAUWE,127,79.19,1.25,27,6.0,0.0,4.72,0.0,0.0,LAUWE,1000,300,250,1000,158.38,0.023323615160349854,-1.8624241716770307,451.0
LE CAMPINAIRE,224,367.375,3.28,48,20.0,4.0,8.93,4.02,0.0,LE CAMPINAIRE,1000,300,250,1000,734.75,0.13022351797862003,1.0195325015139836,117.0
LEBBEKE,179,314.765,3.52,36,18.0,4.0,10.06,4.47,298.0,LEBBEKE,401,68,54,401,252.44,0.07968901846452867,0.5837238417611412,165.0
LEDE,137,170.415,2.49,28,9.0,2.0,6.57,2.19,299.0,LEDE,1435,445,404,1435,489.09,0.07580174927113703,-0.7482176421096682,318.0
LEIGNON,118,100.375,1.7,25,9.0,2.0,7.63,2.54,300.0,LEIGNON,45,22,8,45,9.03,0.05539358600583091,-0.8637214043123698,338.0
LEMAN,198,177.1,1.79,40,11.0,0.0,5.56,0.51,0.0,LEMAN,1000,300,250,1000,354.2,0.1010689990281827,-0.5174008403836059,289.0
LEMBEEK,349,494.625,2.83,73,28.0,2.0,8.02,1.15,302.0,LEMBEEK,601,201,133,601,594.54,0.17006802721088435,1.8777825990763901,72.0
LENS,91,106.515,2.34,20,6.0,0.0,6.59,1.1,303.0,LENS,177,46,28,177,37.71,0.037900874635568516,-1.3797844345581767,416.0
LEOPOLDSBURG,59,79.15,2.68,12,6.0,0.0,10.17,1.69,304.0,LEOPOLDSBURG,380,220,110,380,60.15,0.02040816326530612,-0.8083790165671559,326.0
LESSINES,79,126.285,3.2,16,7.0,0.0,8.86,1.27,305.0,LESSINES,629,174,134,629,158.87,0.025267249757045675,-0.9299951156646836,349.0
LEUVEN,852,1083.435,2.54,178,58.0,9.0,6.81,2.11,306.0,LEUVEN,34688,13676,11375,34688,75164.39,0.4684159378036929,8.903462579293228,9.0
LEUVEN-BUNDEL M,6,5.925,1.98,6,0.0,0.0,0.0,0.0,0.0,LEUVEN-BUNDEL M,1000,300,250,1000,11.85,0.0,-3.899604823857854,602.0
LEUZE,148,268.99,3.64,30,16.0,4.0,10.81,5.41,307.0,LEUZE,2087,392,409,2087,1122.76,0.04956268221574344,0.3264844567170722,191.0
LEVAL,70,40.425,1.16,15,3.0,0.0,4.29,0.0,308.0,LEVAL,138,47,33,138,11.16,0.027210884353741496,-2.252716476031089,492.0
LIBRAMONT,181,170.175,1.88,37,8.0,2.0,4.42,2.21,309.0,LIBRAMONT,1995,905,1510,1995,679.0,0.06997084548104957,-1.1459407282552625,380.0
LICHTERVELDE,230,468.16,4.07,47,18.0,6.0,7.83,5.22,310.0,LICHTERVELDE,3300,2096,2322,3300,3089.86,0.1000971817298348,0.7343319942730652,146.0
LIEDEKERKE,504,562.215,2.23,103,26.0,5.0,5.16,1.98,311.0,LIEDEKERKE,2143,727,679,2143,2409.65,0.2303206997084548,2.4893593384586445,59.0
LIEGE-CARRE,417,457.035,2.19,86,23.0,0.0,5.52,0.24,312.0,LIEGE-CARRE,1371,511,349,1371,1253.19,0.1827016520894072,1.5993014050288492,80.0
LIEGE-GUILLEMINS,793,1054.41,2.66,163,50.0,9.0,6.31,2.27,313.0,LIEGE-GUILLEMINS,17931,12964,11376,17931,37813.25,0.3624878522837707,6.7537321602202205,19.0
LIEGE-SAINT-LAMBERT,379,359.065,1.89,78,13.0,0.0,3.43,0.0,314.0,LIEGE-SAINT-LAMBERT,2840,1463,1109,2840,2039.49,0.1661807580174927,0.6209605047124437,158.0
LIER,483,535.035,2.22,99,26.0,4.0,5.38,1.86,315.0,LIER,5724,2037,2092,5724,6125.08,0.14480077745383868,1.7671209161223205,75.0
LIERDE,112,94.775,1.69,23,4.0,0.0,3.57,0.89,316.0,LIERDE,469,98,96,469,88.9,0.03498542274052478,-2.094098839657279,469.0
LIERS,239,35.275,0.3,50,4.0,0.0,1.67,0.0,317.0,LIERS,266,111,71,266,18.77,0.10495626822157435,-1.5341306130714825,431.0
LIERS-FAISCEAU,58,-24.55,-0.85,13,0.0,0.0,0.0,0.0,0.0,LIERS-FAISCEAU,1000,300,250,1000,-49.1,0.03595724003887269,-3.423242689244043,573.0
LIGNY,132,42.535,0.64,29,1.0,0.0,0.76,0.76,318.0,LIGNY,159,32,24,159,13.53,0.07968901846452867,-2.42779910919263,504.0
LILLOIS,369,429.6,2.33,75,23.0,2.0,6.23,1.08,319.0,LILLOIS,615,174,99,615,528.41,0.1477162293488824,1.2130001520684437,107.0
LIMAL,234,271.565,2.32,50,13.0,2.0,5.56,1.28,320.0,LIMAL,328,17,22,328,178.15,0.10592808551992225,-0.16599401652073884,247.0
LINKEBEEK,368,318.4,1.73,75,14.0,3.0,3.8,1.63,321.0,LINKEBEEK,1086,363,276,1086,691.56,0.1652089407191448,0.5605292234213388,167.0
LISSEWEGE,79,52.65,1.33,16,0.0,0.0,0.0,0.0,322.0,LISSEWEGE,207,30,51,207,21.8,0.021379980563654033,-3.3245934316610137,562.0
LOBBES,82,34.725,0.85,17,1.0,0.0,1.22,0.0,323.0,LOBBES,126,38,41,126,8.75,0.027210884353741496,-2.9849282493353986,543.0
LOBBES-GARAGE,82,26.29,0.64,17,1.0,0.0,1.22,0.0,0.0,LOBBES-GARAGE,1000,300,250,1000,52.58,0.0184645286686103,-3.072096435073239,551.0
LODELINSART,134,63.89,0.95,29,2.0,1.0,1.49,1.49,324.0,LODELINSART,107,25,17,107,13.67,0.07871720116618076,-2.2073647784366504,486.0
LOKEREN,335,330.975,1.98,67,16.0,1.0,4.78,0.6,325.0,LOKEREN,5249,2318,1381,5249,3474.58,0.1467444120505345,0.591453493316522,164.0
LOKEREN-OOST,310,199.6,1.29,62,9.0,1.0,2.9,0.65,0.0,LOKEREN-OOST,1000,300,250,1000,399.2,0.15160349854227406,-0.2381675185864705,254.0
LOMMEL,67,158.55,4.73,14,12.0,1.0,17.91,2.99,326.0,LOMMEL,449,140,283,449,142.38,0.03012633624878523,1.3960442604953889,95.0
LONDERZEEL,141,137.16,1.95,29,8.0,1.0,5.67,1.42,327.0,LONDERZEEL,960,191,210,960,263.35,0.04956268221574344,-1.2406997905812753,390.0
LONZEE,287,426.785,2.97,59,27.0,6.0,9.41,3.83,328.0,LONZEE,148,22,11,148,126.33,0.13411078717201166,1.5321169519548106,88.0
LOT,425,649.135,3.05,95,43.0,8.0,10.12,3.53,329.0,LOT,586,239,155,586,760.79,0.19630709426627793,3.221019549072167,45.0
LOUVAIN-LA-NEUVE,86,34.49,0.8,18,1.0,0.0,1.16,0.0,330.0,LOUVAIN-LA-NEUVE,6237,2753,1495,6237,430.23,0.047619047619047616,-2.8012665379928157,538.0
LUSTIN,125,109.04,1.74,25,3.0,2.0,2.4,2.4,331.0,LUSTIN,392,183,173,392,85.49,0.056365403304178816,-2.1283621489470916,474.0
LUTTRE,235,231.7,1.97,48,12.0,1.0,5.11,0.85,332.0,LUTTRE,1994,520,433,1994,924.02,0.11175898931000972,-0.27634979778904367,256.0
MACHELEN,6,17.11,5.7,5,2.0,0.0,33.33,0.0,0.0,MACHELEN,1000,300,250,1000,34.22,0.010689990281827016,4.618095161909175,31.0
MAFFLE,91,109.965,2.42,20,6.0,1.0,6.59,2.2,333.0,MAFFLE,167,41,30,167,36.73,0.037900874635568516,-1.3740139700263987,415.0
MALDEREN,142,156.465,2.2,29,8.0,1.0,5.63,1.41,334.0,MALDEREN,400,135,134,400,125.17,0.062196307094266275,-1.1102548204918572,377.0
MANAGE,75,45.75,1.22,15,1.0,0.0,1.33,0.0,335.0,MANAGE,289,55,53,289,26.44,0.026239067055393587,-2.976754155417076,542.0
MARBEHAN,131,140.15,2.14,27,5.0,0.0,3.82,0.76,336.0,MARBEHAN,555,343,898,555,155.57,0.0369290573372206,-1.8548224166518095,448.0
MARCHE-EN-FAMENNE,70,24.575,0.7,14,0.0,0.0,0.0,0.0,337.0,MARCHE-EN-FAMENNE,356,97,145,356,17.5,0.019436345966958212,-3.427161017369966,574.0
MARCHE-LES-DAMES,192,217.14,2.26,39,13.0,2.0,6.77,1.56,338.0,MARCHE-LES-DAMES,64,6,11,64,27.79,0.08940719144800778,-0.27670317853548565,257.0
MARCHE-LES-DAMES-MARCHANDISES,192,223.65,2.33,39,14.0,1.0,7.29,1.04,0.0,MARCHE-LES-DAMES-MARCHANDISES,1000,300,250,1000,447.3,0.11467444120505345,0.08836082407888425,219.0
MARCHE-LEZ-ECAUSSINNES,144,139.6,1.94,29,6.0,0.0,4.17,0.69,0.0,MARCHE-LEZ-ECAUSSINNES,1000,300,250,1000,279.2,0.047619047619047616,-1.6181242451872184,438.0
MARCHIENNE-AU-PONT,379,422.975,2.23,77,20.0,6.0,5.28,2.9,340.0,MARCHIENNE-AU-PONT,1490,624,534,1490,1260.47,0.16423712342079688,1.1613247760715242,108.0
MARCHIENNE-ZONE,83,37.91,0.91,17,0.0,0.0,0.0,0.0,341.0,MARCHIENNE-ZONE,19,3,9,19,1.44,0.01749271137026239,-3.3653774131436123,569.0
MARIA-AALTER,331,169.725,1.03,68,12.0,2.0,3.63,1.51,342.0,MARIA-AALTER,205,70,55,205,69.59,0.18756073858114675,0.2834405583655649,197.0
MARIEMBOURG,62,31.035,1.0,13,0.0,0.0,0.0,0.0,343.0,MARIEMBOURG,397,163,297,397,24.64,0.012633624878522837,-3.5082710072023118,585.0
MARLOIE,172,158.485,1.84,36,8.0,2.0,4.65,1.74,344.0,MARLOIE,1527,825,1006,1527,484.01,0.08551992225461613,-1.0192378831049236,358.0
MASNUY-SAINT-PIERRE,206,349.34,3.39,44,18.0,2.0,8.74,1.94,0.0,MASNUY-SAINT-PIERRE,1000,300,250,1000,698.68,0.1000971817298348,0.6079292852986921,161.0
MAUBRAY,143,154.11,2.16,29,10.0,2.0,6.99,2.8,0.0,MAUBRAY,1000,300,250,1000,308.22,0.04956268221574344,-0.8696180503651336,340.0
MAZY,45,43.95,0.98,9,2.0,0.0,4.44,0.0,0.0,MAZY,1000,300,250,1000,43.95,0.0029154518950437317,-2.521773650383972,513.0
MECHELEN,898,1483.115,3.3,188,84.0,16.0,9.35,3.67,348.0,MECHELEN,21616,10321,9731,21616,64118.03,0.4586977648202138,10.08817644099559,8.0
MECHELEN-NEKKERSPOEL,604,1129.75,3.74,128,62.0,14.0,10.26,4.64,349.0,MECHELEN-NEKKERSPOEL,2180,1117,855,2180,4925.71,0.3498542274052478,6.227429916099465,23.0
MEISER,407,513.0,2.52,84,30.0,2.0,7.37,1.23,350.0,MEISER,761,58,32,761,780.79,0.20602526724975703,2.3035710188743006,61.0
MELKOUWEN,190,220.96,2.33,39,14.0,2.0,7.37,2.11,351.0,MELKOUWEN,201,87,71,201,88.83,0.06705539358600583,-0.3152726595915075,265.0
MELLE,387,280.29,1.45,79,16.0,2.0,4.13,1.29,352.0,MELLE,898,201,164,898,503.4,0.18172983479105928,0.7974951613016381,141.0
MELREUX-HOTTON,70,38.175,1.09,14,1.0,0.0,1.43,0.0,353.0,MELREUX-HOTTON,334,81,165,334,25.5,0.0184645286686103,-3.0516313385042997,547.0
MELSELE,300,243.315,1.62,60,12.0,1.0,4.0,0.67,0.0,MELSELE,1000,300,250,1000,486.63,0.1098153547133139,-0.28200774689567903,259.0
MENEN,89,121.685,2.73,18,6.0,1.0,6.74,2.25,355.0,MENEN,864,424,364,864,210.27,0.03595724003887269,-1.3377526621728508,408.0
MERCHTEM,179,297.235,3.32,36,20.0,4.0,11.17,3.91,356.0,MERCHTEM,799,180,179,799,474.98,0.07677356656948493,0.8145594813918433,138.0
MERELBEKE,385,262.765,1.37,79,16.0,2.0,4.16,1.3,357.0,MERELBEKE,828,214,149,828,435.14,0.14285714285714285,0.4367181961368267,176.0
MERODE,120,179.685,2.99,24,9.0,2.0,7.5,2.5,0.0,MERODE,1000,300,250,1000,359.37,0.038872691933916424,-0.8867207406773603,345.0
MERY,139,152.71,2.2,28,8.0,1.0,5.76,1.44,359.0,MERY,59,22,10,59,18.02,0.042759961127308066,-1.2634810651806323,398.0
MESSANCY,69,38.9,1.13,14,2.0,0.0,2.9,0.0,0.0,MESSANCY,1000,300,250,1000,77.8,0.007774538386783284,-2.7731645426266938,537.0
MEVERGNIES-ATTRE,91,104.76,2.3,20,6.0,1.0,6.59,2.2,0.0,MEVERGNIES-ATTRE,1000,300,250,1000,209.52,0.03984450923226433,-1.3625021471753638,414.0
MILMORT,300,166.85,1.11,63,8.0,0.0,2.67,0.0,362.0,MILMORT,373,89,63,373,124.47,0.11078717201166181,-0.7456653177162412,316.0
MOENSBERG,429,420.06,1.96,87,24.0,4.0,5.59,2.1,0.0,MOENSBERG,1000,300,250,1000,840.12,0.21282798833819241,1.852437216030029,73.0
MOESKROEN,151,144.55,1.91,32,9.0,1.0,5.96,1.32,0.0,MOESKROEN,1000,300,250,1000,289.1,0.03984450923226433,-1.1935388482878555,387.0
MOL,129,204.135,3.16,26,14.0,1.0,10.85,1.55,364.0,MOL,2186,1450,1578,2186,892.48,0.07094266277939747,0.3213151924011126,192.0
MOLLEM,179,332.95,3.72,36,20.0,4.0,11.17,3.91,365.0,MOLLEM,280,73,66,280,186.45,0.09718172983479106,1.0407608847994243,114.0
MOMALLE,157,120.215,1.53,34,8.0,2.0,5.1,1.91,366.0,MOMALLE,111,14,14,111,26.69,0.05053449951409135,-1.3407854093050116,409.0
MONS,399,612.74,3.07,83,32.0,6.0,8.02,3.01,367.0,MONS,9820,3839,2498,9820,12034.21,0.19436345966958213,2.750030399561949,54.0
MONT-SAINT-GUIBERT,294,418.25,2.85,61,27.0,5.0,9.18,3.4,368.0,MONT-SAINT-GUIBERT,445,73,61,445,372.24,0.16229348882410108,1.7338070874452773,76.0
MOORTSELE,106,73.165,1.38,22,4.0,1.0,3.77,1.89,369.0,MOORTSELE,157,26,21,157,22.97,0.021379980563654033,-2.2223840826012604,488.0
MORLANWELZ,184,202.915,2.21,38,11.0,4.0,5.98,3.8,370.0,MORLANWELZ,288,47,27,288,116.88,0.0923226433430515,-0.5078294524363862,286.0
MORTSEL,892,1171.635,2.63,187,55.0,14.0,6.17,3.03,371.0,MORTSEL,548,106,67,548,1284.11,0.3469387755102041,6.405791332393421,22.0
MORTSEL-LIERSESTEENWEG,119,104.81,1.76,25,6.0,0.0,5.04,0.0,373.0,MORTSEL-LIERSESTEENWEG,197,45,1,197,41.3,0.06316812439261418,-1.4388552108853938,424.0
MORTSEL-OUDE GOD,403,798.935,3.96,87,38.0,12.0,9.43,5.96,0.0,MORTSEL-OUDE GOD,1000,300,250,1000,1597.87,0.17978620019436345,3.082098622861878,49.0
MOUSTIER,216,272.165,2.52,48,20.0,2.0,9.26,1.85,376.0,MOUSTIER,183,48,36,183,99.61,0.09329446064139942,0.5820128014762418,166.0
MOUSTIER-GARAGE,216,288.89,2.67,48,22.0,2.0,10.19,1.85,0.0,MOUSTIER-GARAGE,1000,300,250,1000,577.78,0.09912536443148688,0.9045630606491997,127.0
MOUTERIJ,362,363.385,2.01,84,22.0,0.0,6.08,0.28,0.0,MOUTERIJ,1000,300,250,1000,726.77,0.17103984450923226,1.235378049670648,106.0
MUIZEN,165,179.61,2.18,35,10.0,2.0,6.06,1.82,377.0,MUIZEN,204,75,99,204,73.28,0.06899902818270165,-0.807121667484333,325.0
MUNKZWALM,196,235.21,2.4,42,13.0,4.0,6.63,4.59,378.0,MUNKZWALM,225,70,80,225,105.84,0.0641399416909621,-0.47637485494343973,283.0
NAMECHE,192,233.965,2.44,39,14.0,2.0,7.29,1.56,379.0,NAMECHE,122,10,15,122,57.09,0.08454810495626822,-0.15772834312704154,246.0
NAMUR,544,613.215,2.25,116,34.0,6.0,6.25,2.39,380.0,NAMUR,21768,8718,7657,21768,26696.93,0.28668610301263364,4.03532845107132,36.0
NAMUR-HERBATTE,591,502.725,1.7,125,30.0,6.0,5.08,2.03,0.0,NAMUR-HERBATTE,1000,300,250,1000,1005.45,0.2565597667638484,2.936280893101872,51.0
NANINNE,179,165.015,1.84,37,10.0,2.0,5.59,2.79,381.0,NANINNE,179,55,27,179,59.08,0.07580174927113703,-0.8324565472489941,333.0
NATOYE,178,159.225,1.79,37,10.0,2.0,5.62,1.69,382.0,NATOYE,181,68,43,181,57.64,0.07774538386783285,-0.8225245573290165,329.0
NEERPELT,60,103.05,3.44,12,8.0,0.0,13.33,1.67,383.0,NEERPELT,344,103,266,344,70.9,0.03206997084548105,0.13209661738502962,212.0
NEERWINDEN,320,451.075,2.82,68,27.0,2.0,8.44,1.25,384.0,NEERWINDEN,186,70,52,186,167.8,0.13508260447035958,1.4799662082277727,92.0
NESSONVAUX,241,274.275,2.28,51,20.0,4.0,8.3,3.32,385.0,NESSONVAUX,267,112,81,267,146.46,0.0913508260447036,0.43603047755017044,177.0
NEUFCHATEAU,126,88.375,1.4,26,4.0,0.0,3.17,0.79,386.0,NEUFCHATEAU,95,47,29,95,16.79,0.042759961127308066,-2.081074982350821,467.0
NEUFVILLES,211,317.035,3.01,45,17.0,1.0,8.06,0.95,0.0,NEUFVILLES,1000,300,250,1000,634.07,0.0923226433430515,0.3365841877077507,190.0
NEUFVILLES-GARAGE,211,305.525,2.9,45,16.0,1.0,7.58,0.95,0.0,NEUFVILLES-GARAGE,1000,300,250,1000,611.05,0.1010689990281827,0.26963894092672935,199.0
NIEL,115,129.0,2.24,24,6.0,2.0,5.22,2.61,388.0,NIEL,285,51,50,285,73.53,0.06705539358600583,-1.3365362840079194,407.0
NIEUWKERKEN-WAAS,300,190.975,1.27,60,10.0,0.0,3.33,0.33,389.0,NIEUWKERKEN-WAAS,312,19,18,312,119.17,0.1282798833819242,-0.39083658721698994,276.0
NIJLEN,290,312.3,2.15,59,16.0,4.0,5.52,2.41,390.0,NIJLEN,623,249,234,623,389.13,0.10689990281827016,0.14722164786599318,206.0
NIMY,186,185.81,2.0,38,12.0,4.0,6.45,3.76,391.0,NIMY,88,11,14,88,32.7,0.07677356656948493,-0.5427031331009817,292.0
NINOVE,144,187.25,2.6,29,10.0,2.0,6.94,2.78,392.0,NINOVE,1352,336,240,1352,506.32,0.04178814382896016,-0.8836560512118269,344.0
NINOVE-WIJKSPOOR,144,171.14,2.38,29,7.0,2.0,4.86,2.78,0.0,NINOVE-WIJKSPOOR,1000,300,250,1000,342.28,0.042759961127308066,-1.430814572732338,423.0
NIVELLES,281,321.25,2.29,57,16.0,1.0,5.69,0.71,393.0,NIVELLES,4866,1444,902,4866,3126.4,0.14382896015549076,0.5389498120235745,171.0
NOORDERKEMPEN,186,361.81,3.89,42,20.0,7.0,10.75,7.53,394.0,NOORDERKEMPEN,1237,605,481,1237,895.12,0.052478134110787174,0.6510613583721905,153.0
NOSSEGEM,704,1234.325,3.51,147,84.0,12.0,11.93,3.55,395.0,NOSSEGEM,407,136,77,407,1004.74,0.413022351797862,7.704263198069171,13.0
OBAIX-BUZET,193,179.085,1.86,39,8.0,1.0,4.15,1.04,0.0,OBAIX-BUZET,1000,300,250,1000,358.17,0.0923226433430515,-0.9652602943936922,355.0
OBOURG,186,150.01,1.61,38,10.0,3.0,5.38,3.23,0.0,OBOURG,1000,300,250,1000,300.02,0.07482993197278912,-0.8832724417036819,343.0
OBOURG-MARCHANDISES,186,165.285,1.78,38,10.0,3.0,5.38,3.23,0.0,OBOURG-MARCHANDISES,1000,300,250,1000,330.57,0.0826044703595724,-0.7911993419495629,323.0
OKEGEM,139,203.61,2.93,28,11.0,2.0,7.91,2.88,398.0,OKEGEM,209,57,48,209,85.11,0.03984450923226433,-0.6588335550132279,304.0
OLEN,133,147.685,2.22,27,8.0,2.0,6.02,2.26,399.0,OLEN,598,177,235,598,176.63,0.05150631681243926,-1.154788879534956,382.0
OLEN-SAS,133,147.185,2.21,27,8.0,2.0,6.02,2.26,0.0,OLEN-SAS,1000,300,250,1000,294.37,0.05830903790087463,-1.0954958055005557,374.0
OLNE,241,289.815,2.41,51,22.0,4.0,9.13,3.73,0.0,OLNE,1000,300,250,1000,579.63,0.11467444120505345,0.8783197005503465,129.0
OOSTENDE,102,51.885,1.02,22,1.0,0.0,0.98,0.0,400.0,OOSTENDE,7017,6642,6304,7017,728.15,0.06997084548104957,-2.5526987523032103,515.0
OOSTKAMP,331,109.06,0.66,68,10.0,2.0,3.02,1.51,401.0,OOSTKAMP,195,45,71,195,42.53,0.13994169096209913,-0.3756332186053442,273.0
OPWIJK,179,292.475,3.27,36,18.0,4.0,10.06,3.91,402.0,OPWIJK,1101,410,302,1101,644.03,0.08649173955296405,0.6124754844905563,159.0
OTTIGNIES,611,753.7,2.47,128,39.0,7.0,6.38,2.29,403.0,OTTIGNIES,23508,9202,8424,23508,35435.96,0.3275024295432459,5.131557969922175,29.0
OTTIGNIES-RELAIS,40,49.26,2.46,21,2.0,0.0,5.0,2.5,0.0,OTTIGNIES-RELAIS,1000,300,250,1000,98.52,0.023323615160349854,-2.219391770133663,487.0
OUD-HEVERLEE,177,62.815,0.71,37,2.0,1.0,1.13,1.13,404.0,OUD-HEVERLEE,130,14,16,130,16.33,0.07482993197278912,-2.146948359134824,475.0
OUDEGEM,128,83.125,1.3,26,4.0,0.0,3.12,0.78,0.0,OUDEGEM,1000,300,250,1000,166.25,0.05539358600583091,-1.9837097396463907,456.0
OUDENAARDE,299,181.025,1.21,63,8.0,2.0,2.68,1.67,406.0,OUDENAARDE,3814,1027,722,3814,1380.86,0.1098153547133139,-0.7041707939331256,312.0
OUGREE,118,47.515,0.81,24,0.0,0.0,0.0,0.0,407.0,OUGREE,65,31,21,65,6.18,0.031098153547133137,-3.082799264929166,552.0
OVERPELT,64,153.34,4.79,13,12.0,2.0,18.75,4.69,408.0,OVERPELT,248,71,146,248,76.06,0.03595724003887269,1.6340868059228546,79.0
PALISEUL,60,19.065,0.64,12,0.0,0.0,0.0,0.0,409.0,PALISEUL,65,26,51,65,2.48,0.01749271137026239,-3.4964037213581367,581.0
PAPIGNIES,79,114.5,2.9,16,6.0,1.0,7.59,2.53,410.0,PAPIGNIES,110,21,13,110,25.19,0.02040816326530612,-1.314203487115352,404.0
PECROT,177,93.71,1.06,37,2.0,2.0,1.13,1.69,411.0,PECROT,229,19,21,229,42.92,0.08066083576287658,-2.045177380252599,461.0
PEPINSTER,305,425.485,2.79,64,28.0,4.0,9.18,2.3,412.0,PEPINSTER,1799,385,375,1799,1530.9,0.13216715257531583,1.5642589255902002,84.0
PEPINSTER-CITE,64,65.81,2.06,13,5.0,0.0,7.81,0.0,413.0,PEPINSTER-CITE,55,16,18,55,7.24,0.008746355685131196,-1.5043099935757551,428.0
PERUWELZ,148,140.415,1.9,30,10.0,4.0,6.76,4.73,414.0,PERUWELZ,784,235,150,784,220.17,0.061224489795918366,-0.8323306853143558,332.0
PHILIPPEVILLE,61,41.525,1.36,13,2.0,0.0,3.28,0.0,415.0,PHILIPPEVILLE,372,59,82,372,30.89,0.021379980563654033,-2.593438715809811,518.0
PHILIPPEVILLE-642,61,21.64,0.71,13,2.0,0.0,3.28,0.0,0.0,PHILIPPEVILLE-642,1000,300,250,1000,43.28,0.01749271137026239,-2.659426880628569,523.0
PIETON,187,188.535,2.02,38,10.0,4.0,5.35,4.81,416.0,PIETON,130,33,14,130,49.02,0.09815354713313897,-0.630113337265756,302.0
POIX-SAINT-HUBERT,110,142.46,2.59,23,9.0,2.0,8.18,4.55,417.0,POIX-SAINT-HUBERT,21,30,37,21,5.98,0.05442176870748299,-0.6971846009626433,310.0
PONT-A-CELLES,70,31.34,0.9,14,1.0,0.0,1.43,0.0,418.0,PONT-A-CELLES,112,25,10,112,7.02,0.019436345966958212,-3.0552947250308264,549.0
PONT-DE-SERAING,198,185.16,1.87,40,12.0,0.0,6.06,0.51,419.0,PONT-DE-SERAING,239,17,27,239,88.51,0.07774538386783285,-0.5808609242477738,295.0
POPERINGE,39,19.3,0.99,8,0.0,0.0,0.0,0.0,420.0,POPERINGE,564,309,593,564,21.77,0.026239067055393587,-3.512376429396766,588.0
POULSEUR,139,164.61,2.37,28,8.0,1.0,5.76,1.44,421.0,POULSEUR,196,92,82,196,64.53,0.05442176870748299,-1.143844801420409,379.0
PROFONDSART,379,639.635,3.38,79,36.0,6.0,9.5,2.9,422.0,PROFONDSART,202,112,120,202,258.41,0.16229348882410108,2.551085160722748,58.0
PRY,73,31.465,0.86,16,2.0,0.0,2.74,0.0,0.0,PRY,1000,300,250,1000,62.93,0.02040816326530612,-2.702197466420809,530.0
PUURS,143,179.815,2.51,31,12.0,2.0,8.39,2.1,424.0,PUURS,1516,534,447,1516,545.2,0.06511175898931001,-0.3365541158505787,268.0
QUAREGNON,231,347.59,3.01,47,22.0,6.0,9.52,5.19,425.0,QUAREGNON,533,211,144,533,370.53,0.1000971817298348,0.9025751404522584,128.0
QUEVY,42,87.25,4.15,9,2.0,0.0,4.76,2.38,0.0,QUEVY,1000,300,250,1000,174.5,0.013605442176870748,-2.288028093987044,494.0
QUIEVRAIN,34,14.89,0.88,7,0.0,0.0,0.0,0.0,427.0,QUIEVRAIN,403,165,183,403,12.0,0.03012633624878523,-3.5087295815157784,586.0
REBAIX,79,115.185,2.92,16,6.0,1.0,7.59,2.53,428.0,REBAIX,106,19,12,106,24.42,0.028182701652089408,-1.2473159298108445,392.0
REMICOURT,158,148.3,1.88,34,8.0,2.0,5.06,2.53,429.0,REMICOURT,149,39,28,149,44.19,0.0369290573372206,-1.4140872731996919,420.0
RHISNES,287,417.925,2.91,59,26.0,6.0,9.06,3.83,430.0,RHISNES,234,40,34,234,195.59,0.13119533527696792,1.4058191190636735,94.0
RHISNES-SAS,287,426.985,2.98,59,27.0,6.0,9.41,3.83,0.0,RHISNES-SAS,1000,300,250,1000,853.97,0.13508260447035958,1.5567235072144654,86.0
RIVAGE,139,151.615,2.18,28,7.0,1.0,5.04,1.44,431.0,RIVAGE,164,53,63,164,49.73,0.047619047619047616,-1.4051546431112616,418.0
RIVAGE-MARCHANDISES,139,137.085,1.97,28,6.0,1.0,4.32,1.44,0.0,RIVAGE-MARCHANDISES,1000,300,250,1000,274.17,0.07774538386783285,-1.3514300222684983,411.0
RIXENSART,379,618.925,3.27,79,36.0,5.0,9.5,2.64,432.0,RIXENSART,1438,366,365,1438,1780.03,0.1827016520894072,2.722487861871061,55.0
ROCHEFORT-JEMELLE,116,151.19,2.61,25,10.0,2.0,8.62,4.31,433.0,ROCHEFORT-JEMELLE,647,277,402,647,195.64,0.07482993197278912,-0.36880843976703137,271.0
ROESELARE,147,294.3,4.0,31,10.0,3.0,6.8,4.08,434.0,ROESELARE,2787,882,1120,2787,1640.43,0.05928085519922255,-0.5533184171995371,293.0
RONET,215,254.775,2.37,48,18.0,2.0,8.37,1.86,435.0,RONET,47,8,8,47,23.95,0.0913508260447036,0.30587098717939964,196.0
RONSE,44,18.575,0.84,9,0.0,0.0,0.0,0.0,0.0,RONSE,1000,300,250,1000,37.15,0.01652089407191448,-3.573836383343764,592.0
ROUX,197,170.975,1.74,40,8.0,1.0,4.06,1.02,437.0,ROUX,134,32,16,134,45.82,0.07968901846452867,-1.0980323434788493,375.0
RUISBROEK,430,674.7,3.14,96,44.0,6.0,10.23,3.02,439.0,RUISBROEK,729,247,200,729,983.71,0.18075801749271136,3.186708538076562,47.0
RUISBROEK-SAUVEGARDE,107,130.415,2.44,24,6.0,0.0,5.61,0.93,0.0,RUISBROEK-SAUVEGARDE,1000,300,250,1000,260.83,0.03304178814382896,-1.5538990818321872,434.0
SAINT-DENIS-BOVESSE,287,455.56,3.17,59,26.0,6.0,9.06,3.83,0.0,SAINT-DENIS-BOVESSE,1000,300,250,1000,911.12,0.18075801749271136,1.903972585506197,69.0
SAINT-GHISLAIN,232,292.16,2.52,47,18.0,4.0,7.76,3.88,0.0,SAINT-GHISLAIN,1000,300,250,1000,584.32,0.10301263362487852,0.39922432595965796,182.0
SART-BERNARD,177,162.635,1.84,37,8.0,2.0,4.52,2.82,440.0,SART-BERNARD,122,44,27,122,39.68,0.05928085519922255,-1.2551773019128472,395.0
SCHAARBEEK,1471,2719.333255587949,3.06,310,185.0,25.0,12.58,2.86,0.0,SCHAARBEEK,25000,7500,6250,25000,112685.0,0.7541302235179786,19.025110542403503,6.0
SCHAARBEEK-JOSAPHAT,405,399.74,1.97,84,23.0,2.0,5.68,0.74,0.0,SCHAARBEEK-JOSAPHAT,1000,300,250,1000,799.48,0.17589893100097181,1.424062856760206,93.0
SCHAARBEEK-PERRON P.C.I.,6,16.8,5.6,5,2.0,0.0,33.33,0.0,0.0,SCHAARBEEK-PERRON P.C.I.,1000,300,250,1000,33.6,0.025267249757045675,4.740850763681882,30.0
SCHELDEWINDEKE,106,91.86,1.73,22,4.0,2.0,3.77,2.83,442.0,SCHELDEWINDEKE,366,70,74,366,67.24,0.019436345966958212,-2.2064597589169597,485.0
SCHELLE,115,129.26,2.25,24,6.0,2.0,5.22,2.61,443.0,SCHELLE,262,51,33,262,67.73,0.05442176870748299,-1.4430788215825119,426.0
SCHELLEBELLE,266,180.125,1.35,54,10.0,1.0,3.76,0.75,444.0,SCHELLEBELLE,560,102,84,560,201.74,0.1477162293488824,-0.2813257092892333,258.0
SCHENDELBEKE,144,203.285,2.82,29,11.0,2.0,7.64,2.78,445.0,SCHENDELBEKE,238,58,46,238,96.76,0.042759961127308066,-0.6809648893058325,308.0
SCHOONAARDE,129,85.415,1.32,26,4.0,0.0,3.1,0.78,446.0,SCHOONAARDE,257,126,136,257,43.9,0.06608357628765792,-1.8928747634403797,452.0
SCHULEN,275,234.685,1.71,56,16.0,1.0,5.82,0.73,447.0,SCHULEN,242,106,186,242,113.59,0.09912536443148688,-0.04406984049083297,236.0
SCHULEN-SAS,272,232.05,1.71,56,17.0,1.0,6.25,0.74,0.0,SCHULEN-SAS,1000,300,250,1000,464.1,0.09523809523809523,0.021868805606814104,225.0
SCLAIGNEAUX,192,225.35,2.35,39,13.0,1.0,6.77,1.04,448.0,SCLAIGNEAUX,93,10,12,93,41.92,0.09037900874635568,-0.2543886822874383,255.0
SCLESSIN,198,190.05,1.92,40,10.0,0.0,5.05,0.51,0.0,SCLESSIN,1000,300,250,1000,380.1,0.10398445092322643,-0.599085763254076,298.0
SERAING,120,46.61,0.78,24,0.0,0.0,0.0,0.0,450.0,SERAING,294,89,77,294,27.41,0.024295432458697766,-3.1327410785488614,557.0
SERSKAMP,142,153.225,2.16,29,7.0,2.0,4.93,2.11,451.0,SERSKAMP,205,53,52,205,62.82,0.08843537414965986,-1.071734244890749,366.0
SILLY,145,309.61,4.27,30,17.0,5.0,11.72,6.9,452.0,SILLY,1119,199,188,1119,692.91,0.05344995140913508,0.6346700008361411,155.0
SIMONIS,60,101.11,3.37,12,8.0,0.0,13.33,1.67,453.0,SIMONIS,99,40,40,99,20.02,0.029154518950437316,0.10305928081396182,216.0
SINAAI,310,247.56,1.6,62,11.0,0.0,3.55,0.32,454.0,SINAAI,433,69,72,433,214.39,0.13313896987366375,-0.1539202898083109,245.0
SINT-AGATHA-BERCHEM,140,62.575,0.89,28,2.0,0.0,1.43,0.0,0.0,SINT-AGATHA-BERCHEM,1000,300,250,1000,125.15,0.04664723032069971,-2.467553302943238,507.0
SINT-DENIJS-BOEKEL,192,221.2,2.3,41,13.0,4.0,6.77,3.65,0.0,SINT-DENIJS-BOEKEL,1000,300,250,1000,442.4,0.09523809523809523,-0.2114249553564705,252.0
SINT-GENESIUS-RODE,370,410.36,2.22,75,19.0,3.0,5.14,1.62,0.0,SINT-GENESIUS-RODE,1000,300,250,1000,820.72,0.15840621963070942,1.0069121136377257,119.0
SINT-GILLIS(DENDERMONDE),179,311.56,3.48,36,18.0,4.0,10.06,4.47,0.0,SINT-GILLIS(DENDERMONDE),1000,300,250,1000,623.12,0.07580174927113703,0.5536428828059354,170.0
SINT-JOB,295,268.94,1.82,60,14.0,2.0,4.75,1.36,0.0,SINT-JOB,1000,300,250,1000,537.88,0.1185617103984451,0.003705732821782451,229.0
SINT-JORIS-WEERT,177,70.865,0.8,37,3.0,2.0,1.69,1.69,0.0,SINT-JORIS-WEERT,1000,300,250,1000,141.73,0.06025267249757046,-2.1126881536401725,472.0
SINT-KATELIJNE-WAVER,604,1040.725,3.45,128,58.0,12.0,9.6,4.14,0.0,SINT-KATELIJNE-WAVER,1000,300,250,1000,2081.45,0.3556851311953353,5.898046202489561,26.0
SINT-MARIABURG,180,282.985,3.14,37,16.0,2.0,8.89,2.78,0.0,SINT-MARIABURG,1000,300,250,1000,565.97,0.0913508260447036,0.34508900491244066,189.0
SINT-MARTENS-BODEGEM,135,91.61,1.36,27,2.0,0.0,1.48,0.0,0.0,SINT-MARTENS-BODEGEM,1000,300,250,1000,183.22,0.06608357628765792,-2.2621379753223034,493.0
SINT-NIKLAAS,349,221.125,1.27,70,10.0,0.0,2.87,0.29,0.0,SINT-NIKLAAS,1000,300,250,1000,442.25,0.14965986394557823,-0.05652033510676467,237.0
SINT-NIKLAAS-OOST,300,208.91,1.39,60,10.0,0.0,3.33,0.33,0.0,SINT-NIKLAAS-OOST,1000,300,250,1000,417.82,0.13119533527696792,-0.3294800970628075,266.0
SINT-TRUIDEN,118,133.71,2.27,24,8.0,0.0,6.78,0.0,0.0,SINT-TRUIDEN,1000,300,250,1000,267.42,0.05150631681243926,-1.049359574487408,362.0
SLEIDINGE,80,53.51,1.34,16,3.0,0.0,3.75,0.0,455.0,SLEIDINGE,269,62,42,269,28.79,0.024295432458697766,-2.348018853103586,496.0
SOIGNIES,211,366.96,3.48,45,21.0,1.0,9.95,0.95,456.0,SOIGNIES,2371,674,548,2371,1740.12,0.05830903790087463,0.6339067081858181,156.0
SOLRE-SUR-SAMBRE,81,65.275,1.61,17,0.0,0.0,0.0,0.0,457.0,SOLRE-SUR-SAMBRE,77,30,26,77,10.05,0.011661807580174927,-3.377205678728037,570.0
SPA,64,38.225,1.19,13,2.0,0.0,3.12,0.0,458.0,SPA,414,207,153,414,31.65,0.01652089407191448,-2.667454633928837,524.0
SPA-GERONSTERE,30,10.485,0.7,6,0.0,0.0,0.0,0.0,459.0,SPA-GERONSTERE,382,172,124,382,8.01,0.012633624878522837,-3.6814495478661664,600.0
STATTE,192,251.035,2.61,39,16.0,2.0,8.33,2.6,472.0,STATTE,396,275,220,396,198.82,0.11758989310009718,0.415869434186665,179.0
STOCKEM,131,115.685,1.77,27,4.0,0.0,3.05,0.76,473.0,STOCKEM,26,6,10,26,6.02,0.03304178814382896,-2.126316710295978,473.0
STOUMONT,70,81.415,2.33,14,5.0,1.0,7.14,2.86,0.0,STOUMONT,1000,300,250,1000,162.83,0.0184645286686103,-1.5355706083208356,432.0
SY,69,48.14,1.4,14,0.0,0.0,0.0,0.0,474.0,SY,49,12,12,49,4.72,0.025267249757045675,-3.3428868231429347,565.0
TAMINES,221,297.01,2.69,50,20.0,2.0,9.05,2.26,475.0,TAMINES,1606,364,365,1606,954.0,0.13022351797862003,0.9235409916284437,125.0
TEMSE,91,174.11,3.83,20,11.0,1.0,12.09,2.2,476.0,TEMSE,674,237,201,674,234.7,0.014577259475218658,-0.07175823986864083,239.0
TERHAGEN,231,306.36,2.65,48,16.0,6.0,6.93,4.76,0.0,TERHAGEN,1000,300,250,1000,612.72,0.10301263362487852,0.20998794261024578,201.0
TERNAT,134,66.14,0.99,27,2.0,0.0,1.49,0.0,478.0,TERNAT,984,241,176,984,130.16,0.05150631681243926,-2.4311584303541665,505.0
TESTELT,276,308.285,2.23,56,20.0,1.0,7.25,0.72,479.0,TESTELT,335,72,98,335,206.55,0.12342079689018465,0.6520903144738844,152.0
THEUX,64,53.31,1.67,13,1.0,0.0,1.56,0.0,480.0,THEUX,141,55,38,141,15.03,0.0058309037900874635,-3.1264425579879123,556.0
THIEU,186,165.55,1.78,38,12.0,3.0,6.45,3.23,481.0,THIEU,99,19,25,99,32.78,0.1010689990281827,-0.3712322877332093,272.0
THUIN,82,62.135,1.52,17,2.0,0.0,2.44,0.0,482.0,THUIN,259,61,54,259,32.19,0.0184645286686103,-2.704603168290642,531.0
THULIN,73,97.765,2.68,15,6.0,0.0,8.22,0.0,483.0,THULIN,127,53,52,127,24.83,0.027210884353741496,-1.1517779446359546,381.0
THURN EN TAXIS,60,114.55,3.82,12,8.0,0.0,13.33,1.67,0.0,THURN EN TAXIS,1000,300,250,1000,229.1,0.021379980563654033,0.06448092734460002,221.0
TIELEN,114,141.115,2.48,24,8.0,2.0,7.02,3.51,484.0,TIELEN,675,327,441,675,190.51,0.038872691933916424,-1.1022203928336083,376.0
TIELT,89,204.71,4.6,21,9.0,2.0,10.11,5.62,485.0,TIELT,956,397,514,956,391.41,0.03206997084548105,-0.37711088046185015,274.0
TIENEN,320,533.065,3.33,68,37.0,2.0,11.56,1.25,486.0,TIENEN,3963,1692,1135,3963,4225.07,0.1554907677356657,2.6667927999851666,57.0
TILFF,139,151.385,2.18,28,8.0,1.0,5.76,1.44,487.0,TILFF,124,27,41,124,37.54,0.0456754130223518,-1.2406170115323614,389.0
TILLEUR,198,184.285,1.86,40,10.0,0.0,5.05,0.51,0.0,TILLEUR,1000,300,250,1000,368.57,0.10884353741496598,-0.5679221897451744,294.0
TILLY,132,64.14,0.97,29,2.0,0.0,1.52,0.76,488.0,TILLY,200,28,24,200,25.66,0.08066083576287658,-2.1913184047737815,481.0
TILLY-GARAGE,132,27.485,0.42,29,1.0,0.0,0.76,0.76,0.0,TILLY-GARAGE,1000,300,250,1000,54.97,0.08066083576287658,-2.443932555769638,506.0
TOLLEMBEEK,117,239.45,4.09,24,15.0,4.0,12.82,6.84,489.0,TOLLEMBEEK,258,58,58,258,123.56,0.0456754130223518,0.5950368208475184,163.0
TONGEREN,95,53.765,1.13,20,1.0,0.0,1.05,0.0,490.0,TONGEREN,680,175,191,680,73.12,0.04081632653061224,-2.823168594522292,539.0
TORHOUT,150,326.24,4.35,31,11.0,4.0,7.33,4.67,491.0,TORHOUT,1757,364,397,1757,1146.41,0.05150631681243926,-0.429680417194299,279.0
TOURNAI,229,307.035,2.68,48,18.0,4.0,7.86,3.06,493.0,TOURNAI,6316,2478,2089,6316,3878.47,0.0923226433430515,0.4187126045771325,178.0
TROIS-PONTS,70,80.565,2.3,14,5.0,1.0,7.14,2.86,494.0,TROIS-PONTS,154,113,213,154,24.81,0.011661807580174927,-1.5975775188448538,436.0
TROOZ,241,307.46,2.55,50,23.0,4.0,9.54,3.73,495.0,TROOZ,119,44,37,119,73.18,0.10787172011661808,0.9426649018453296,123.0
TUBIZE,343,524.685,3.06,72,30.0,3.0,8.75,1.75,496.0,TUBIZE,2642,1376,971,2642,2772.44,0.15063168124392615,1.9701272778997967,66.0
TURNHOUT,58,23.425,0.81,12,1.0,0.0,1.72,1.72,497.0,TURNHOUT,1581,594,1101,1581,74.07,0.043731778425655975,-2.840330541023755,540.0
UKKEL-KALEVOET,252,218.14,1.73,51,14.0,2.0,5.56,1.98,0.0,UKKEL-KALEVOET,1000,300,250,1000,436.28,0.10398445092322643,-0.1886317886220045,250.0
UKKEL-STALLE,257,234.885,1.83,52,14.0,2.0,5.45,1.95,0.0,UKKEL-STALLE,1000,300,250,1000,469.77,0.12439261418853255,0.0066870634630999265,228.0
VELTEM,703,1120.975,3.19,147,78.0,12.0,11.1,3.27,500.0,VELTEM,339,92,90,339,760.02,0.3848396501457726,7.056502567575493,18.0
VERTRIJK,321,506.74,3.16,69,34.0,2.0,10.59,1.25,501.0,VERTRIJK,496,154,139,496,502.69,0.15257531584062195,2.2754489134327907,62.0
VERVIERS-CENTRAL,241,373.825,3.1,51,22.0,4.0,9.13,2.9,502.0,VERVIERS-CENTRAL,4202,2640,2642,4202,3141.63,0.10301263362487852,0.9772461016936235,121.0
VERVIERS-PALAIS,181,315.235,3.48,37,21.0,4.0,11.6,3.87,503.0,VERVIERS-PALAIS,8,24,20,8,5.04,0.07871720116618076,0.9679696655966687,122.0
VEURNE,75,55.215,1.47,15,2.0,0.0,2.67,1.33,504.0,VEURNE,506,212,400,506,55.88,0.03206997084548105,-2.5728623309917884,517.0
VIANE-MOERBEKE,117,259.54,4.44,24,16.0,4.0,13.68,7.69,505.0,VIANE-MOERBEKE,429,68,66,429,222.69,0.03984450923226433,0.7985845975932324,139.0
VICHTE,191,208.45,2.18,41,9.0,3.0,4.71,3.14,0.0,VICHTE,1000,300,250,1000,416.9,0.07482993197278912,-0.9299881888713742,348.0
VIELSALM,70,86.565,2.47,14,6.0,1.0,8.57,2.86,507.0,VIELSALM,219,114,173,219,37.92,0.019436345966958212,-1.1607206503905172,383.0
VIJFHUIZEN,43,19.97,0.46,9,0.0,0.0,0.0,0.0,0.0,VIJFHUIZEN,1000,300,250,1000,19.97,0.007774538386783284,-3.6501694070555915,597.0
VILLE-POMMEROEUL,144,153.56,2.13,30,10.0,2.0,6.94,3.47,0.0,VILLE-POMMEROEUL,1000,300,250,1000,307.12,0.06511175898931001,-0.747347715446566,317.0
VILLERS-LA-VILLE,132,62.05,0.94,29,2.0,0.0,1.52,0.76,510.0,VILLERS-LA-VILLE,274,47,52,274,34.0,0.0826044703595724,-2.178204624317661,477.0
VILVOORDE,580,582.86,2.01,118,30.0,2.0,5.17,0.69,511.0,VILVOORDE,6196,2249,1671,6196,7222.8,0.31875607385811466,3.709164801486542,39.0
VIRTON,75,66.965,1.79,15,4.0,0.0,5.33,0.0,512.0,VIRTON,353,85,206,353,47.28,0.015549076773566569,-2.022026966353449,458.0
VISE,90,68.125,1.51,18,2.0,1.0,2.22,2.22,513.0,VISE,821,242,201,821,111.86,0.014577259475218658,-2.7465872389765575,536.0
VIVILLE,131,96.2,1.47,27,4.0,0.0,3.05,0.76,515.0,VIVILLE,30,13,16,30,5.77,0.03984450923226433,-2.101499696650108,471.0
VOROUX,156,132.015,1.69,33,6.0,2.0,3.85,2.56,0.0,VOROUX,1000,300,250,1000,264.03,0.04956268221574344,-1.6436128404132118,439.0
VORST-OOST,256,228.675,1.79,52,14.0,2.0,5.47,1.95,0.0,VORST-OOST,1000,300,250,1000,457.35,0.12244897959183673,-0.01972820199134563,233.0
VORST-ZUID,501,781.34,3.12,109,54.0,6.0,10.78,2.4,0.0,VORST-ZUID,1000,300,250,1000,1562.68,0.2206025267249757,4.161130159732919,34.0
WAARSCHOOT,75,54.835,1.46,15,2.0,0.0,2.67,0.0,517.0,WAARSCHOOT,263,71,87,263,28.84,0.01749271137026239,-2.69738651864919,528.0
WALCOURT,75,50.59,1.35,16,2.0,0.0,2.67,0.0,518.0,WALCOURT,282,97,111,282,28.53,0.02040816326530612,-2.6798621921241814,526.0
WAREGEM,156,216.675,2.78,35,12.0,2.0,7.69,2.56,519.0,WAREGEM,2473,933,942,2473,1071.67,0.11078717201166181,0.0028532357172056377,230.0
WAREMME,156,180.815,2.32,33,8.0,2.0,5.13,2.56,520.0,WAREMME,2283,522,347,2283,825.6,0.0369290573372206,-1.3332472159106517,405.0
WATERLOO,369,458.05,2.48,75,24.0,2.0,6.5,1.36,521.0,WATERLOO,2212,791,516,2212,2026.41,0.14188532555879493,1.3126050220603858,102.0
WATERMAAL,378,575.925,3.05,79,48.0,8.0,12.7,3.97,0.0,WATERMAAL,1000,300,250,1000,1151.85,0.21865889212827988,3.743481961881428,38.0
WAVRE,205,117.09,1.14,43,4.0,1.0,1.95,0.98,523.0,WAVRE,962,170,220,962,225.28,0.09620991253644315,-1.5425136683540153,433.0
WEERDE,546,507.29,1.86,112,29.0,4.0,5.31,1.28,524.0,WEERDE,719,108,108,719,729.48,0.293488824101069,3.11371232818957,48.0
WELKENRAEDT,149,245.725,3.3,31,14.0,2.0,9.4,3.36,525.0,WELKENRAEDT,1755,1430,1004,1755,862.49,0.06997084548104957,0.1029174049120953,217.0
WELLE,234,283.84,2.43,48,16.0,6.0,6.84,4.7,0.0,WELLE,1000,300,250,1000,567.68,0.11661807580174927,0.2765195020044823,198.0
WERVIK,89,146.665,3.3,18,7.0,2.0,7.87,3.37,527.0,WERVIK,719,304,280,719,210.9,0.028182701652089408,-1.0764950005967417,367.0
WESPELAAR-TILDONK,165,184.9,2.24,35,10.0,2.0,6.06,1.82,528.0,WESPELAAR-TILDONK,526,151,146,526,194.51,0.06608357628765792,-0.8202241303388096,328.0
WETTEREN,266,215.735,1.62,54,10.0,2.0,3.76,1.13,529.0,WETTEREN,2535,930,827,2535,1093.78,0.11564625850340136,-0.4731006688492954,281.0
WEVELGEM,89,137.215,3.08,18,6.0,0.0,6.74,1.12,530.0,WEVELGEM,458,175,192,458,125.69,0.05344995140913508,-1.165598025646554,385.0
WEZEMAAL,329,387.29,2.35,68,24.0,2.0,7.29,0.91,531.0,WEZEMAAL,739,301,245,739,572.41,0.11273080660835763,0.9415555400085264,124.0
WICHELEN,129,70.185,1.09,26,4.0,0.0,3.1,0.0,0.0,WICHELEN,1000,300,250,1000,140.37,0.062196307094266275,-1.9491930399516768,455.0
WIJGMAAL,165,159.575,1.93,35,9.0,2.0,5.45,1.82,533.0,WIJGMAAL,640,126,115,640,204.26,0.04859086491739553,-1.1643560478044812,384.0
WILDERT,174,263.26,3.03,37,14.0,2.0,8.05,1.72,534.0,WILDERT,283,131,137,283,149.01,0.07677356656948493,-0.058350817409862324,238.0
WILLEBROEK,92,151.625,3.3,19,8.0,2.0,8.7,4.35,535.0,WILLEBROEK,608,230,212,608,184.38,0.023323615160349854,-0.8875022356581479,346.0
WOLFSTEE,289,278.235,1.93,59,16.0,2.0,5.54,1.73,0.0,WOLFSTEE,1000,300,250,1000,556.47,0.1000971817298348,0.036910471212170504,222.0
WONDELGEM,80,63.14,1.58,16,4.0,0.0,5.0,0.0,537.0,WONDELGEM,185,65,25,185,23.36,0.026239067055393587,-2.00020040913479,457.0
YVES-GOMEZEE,72,51.915,1.44,15,3.0,0.0,4.17,0.0,538.0,YVES-GOMEZEE,48,19,16,48,4.98,0.02040816326530612,-2.312725301561009,495.0
YVOIR,125,97.54,1.56,25,2.0,0.0,1.6,0.8,539.0,YVOIR,728,627,536,728,142.02,0.038872691933916424,-2.496182297498747,509.0
ZANDBERGEN,149,199.965,2.68,30,11.0,2.0,7.38,2.68,540.0,ZANDBERGEN,193,55,42,193,77.19,0.028182701652089408,-0.8542381398063051,336.0
ZAVENTEM,801,1320.175,3.3,170,87.0,11.0,10.86,2.75,541.0,ZAVENTEM,1538,423,395,1538,4060.86,0.369290573372206,7.695272392284646,14.0
ZEDELGEM,150,317.815,4.24,31,12.0,4.0,8.0,4.67,542.0,ZEDELGEM,599,123,139,599,380.74,0.04664723032069971,-0.3327937998279332,267.0
ZEEBRUGGE-DORP,40,24.315,1.22,8,0.0,0.0,0.0,0.0,0.0,ZEEBRUGGE-DORP,1000,300,250,1000,48.63,0.012633624878522837,-3.61411259395089,593.0
ZEEBRUGGE-VORMING,79,35.025,0.89,16,0.0,0.0,0.0,0.0,0.0,ZEEBRUGGE-VORMING,1000,300,250,1000,70.05,0.027210884353741496,-3.3038031530009957,561.0
ZELE,110,77.41,1.41,22,2.0,0.0,1.82,0.91,545.0,ZELE,940,173,147,940,145.53,0.01652089407191448,-2.72827949688452,535.0
ZELLIK,179,339.7,3.8,36,22.0,4.0,12.29,4.47,546.0,ZELLIK,541,134,95,541,367.56,0.08843537414965986,1.2646521935767125,103.0
ZICHEM,275,315.86,2.3,56,22.0,1.0,8.0,0.73,547.0,ZICHEM,293,94,76,293,185.09,0.10592808551992225,0.7012637015767796,148.0
ZINGEM,120,78.86,1.31,24,3.0,0.0,2.5,0.83,548.0,ZINGEM,523,98,86,523,82.49,0.029154518950437316,-2.4056218121505473,500.0
ZOLDER,59,67.835,2.3,12,4.0,0.0,6.78,1.69,549.0,ZOLDER,123,38,37,123,16.69,0.012633624878522837,-1.749269341836799,443.0
ZOLDER-KRUISSPOREN,59,68.075,2.31,12,5.0,0.0,8.47,1.69,0.0,ZOLDER-KRUISSPOREN,1000,300,250,1000,136.15,0.0184645286686103,-1.2705862392348184,399.0
ZONHOVEN,59,66.025,2.24,12,5.0,0.0,8.47,1.69,550.0,ZONHOVEN,67,29,19,67,8.85,0.01652089407191448,-1.2932747325155516,401.0
ZOTTEGEM,326,309.365,1.9,68,16.0,4.0,4.91,2.45,551.0,ZOTTEGEM,4936,986,931,4936,3054.05,0.12050534499514091,0.3178695524304766,193.0
ZWIJNDRECHT,300,255.415,1.7,60,12.0,1.0,4.0,0.67,552.0,ZWIJNDRECHT,401,43,44,401,204.84,0.14285714285714285,0.011547046749623036,227.0
