Stopping place,total_trains,total_delay_minutes,avg_delay_minutes,unique_trains,delays_above_5min,delays_above_15min,pct_delays_above_5min,pct_delays_above_15min,Unnamed: 0,Station,Avg number of travelers in the week,Avg number of travelers on Saturday,Avg number of travelers on Sunday,avg_weekday_travelers,delay_times_1000_travelers,degree_centrality,bottleneck_score,bottleneck_rank
AALST,271,194.41,1.43,55,6.0,1.0,2.21,0.74,0.0,AALST,6444,1768,1592,6444,2505.56,0.14634146341463414,0.6606238668039813,119.0
AALST-KERREBROEK,33,38.58,1.17,10,0.0,0.0,0.0,0.0,0.0,AALST-KERREBROEK,49,14,12,49,1.89,0.003955174686882004,-2.821152957313639,554.0
AALTER,233,146.465,1.26,47,6.0,1.0,2.58,0.86,2.0,AALTER,2288,1055,855,2288,670.22,0.10876730388925511,-0.017405756342504602,184.0
AARSCHOT,390,380.59,1.95,80,24.0,1.0,6.15,0.51,3.0,AARSCHOT,6270,1954,1395,6270,4772.6,0.15425181278839814,2.5039298659067084,39.0
AARSELE,31,112.47,3.63,8,8.0,1.0,25.81,3.23,0.0,AARSELE,41,12,10,41,4.61,0.0032959789057350032,1.873974162767243,57.0
ACREN,93,152.165,3.27,19,12.0,0.0,12.9,1.08,5.0,ACREN,226,43,50,226,68.78,0.027686222808174028,0.2503160675139586,154.0
AISEAU,122,136.26,2.23,28,8.0,0.0,6.56,0.82,6.0,AISEAU,100,15,17,100,27.25,0.06526038233355307,-0.36497277473750034,241.0
ALKEN,133,163.375,2.46,27,10.0,0.0,7.52,0.0,7.0,ALKEN,647,254,310,647,211.41,0.05603164139749506,-0.17326528717488224,211.0
AMAY,90,45.0,1.0,18,2.0,0.0,2.22,0.0,8.0,AMAY,262,68,50,262,23.58,0.044166117336849046,-1.7099953581454932,430.0
AMPSIN,90,57.415,1.28,18,2.0,0.0,2.22,0.0,9.0,AMPSIN,134,30,20,134,15.39,0.03889255108767304,-1.73849365922985,438.0
ANDENNE,227,267.61,2.36,46,15.0,2.0,6.61,1.76,10.0,ANDENNE,1746,499,427,1746,934.49,0.1061305207646671,0.9083972382259636,98.0
ANDERLECHT,137,189.36,2.76,28,9.0,3.0,6.57,4.38,0.0,ANDERLECHT,1000,300,250,1000,378.72,0.1001977587343441,0.20479745685347522,158.0
ANGLEUR,372,408.05,2.19,76,24.0,2.0,6.45,1.34,11.0,ANGLEUR,565,147,126,565,461.1,0.16282135794330915,2.487571248002549,41.0
ANS,260,236.86,1.82,53,14.0,2.0,5.38,1.15,12.0,ANS,1040,118,88,1040,492.67,0.08899143045484509,0.5947018413544722,124.0
ANSEREMME,75,27.41,0.73,15,0.0,0.0,0.0,0.0,13.0,ANSEREMME,51,124,45,51,2.8,0.03032300593276203,-2.3602615297393883,524.0
ANTOING,104,43.24,0.83,21,2.0,0.0,1.92,0.0,14.0,ANTOING,293,123,107,293,25.34,0.034278180619644036,-1.8010838110820668,456.0
ANTWERPEN-BERCHEM,1311,1364.635,2.08,269,62.0,10.0,4.73,1.45,15.0,ANTWERPEN-BERCHEM,17289,8163,8506,17289,47186.35,0.5471324983520105,14.378142874773923,5.0
ANTWERPEN-CENTRAAL,894,1063.025,2.38,188,46.0,12.0,5.15,2.68,0.0,ANTWERPEN-CENTRAAL,43112,12933,10778,43112,91658.27,0.4752801582069875,12.31051228322792,6.0
ANTWERPEN-LUCHTBAL,268,371.21,2.77,56,24.0,4.0,8.96,2.99,17.0,ANTWERPEN-LUCHTBAL,1082,161,93,1082,803.3,0.14568226763348716,2.1639827642290506,49.0
ANTWERPEN-NOORDERDOKKEN,134,206.04,3.08,28,14.0,2.0,10.45,2.24,18.0,ANTWERPEN-NOORDERDOKKEN,263,43,16,263,108.38,0.08767303889255108,0.7707352934288603,110.0
ANTWERPEN-ZUID,399,422.7,2.12,81,19.0,2.0,4.76,1.25,19.0,ANTWERPEN-ZUID,3262,164,175,3262,2757.69,0.17073170731707318,2.5078934081733872,38.0
ANZEGEM,99,119.285,2.41,25,6.0,2.0,6.06,3.03,0.0,ANZEGEM,204,61,51,204,48.67,0.025708635464733027,-1.019078079632019,319.0
APPELTERRE,155,199.54,2.57,31,11.0,2.0,7.1,2.58,21.0,APPELTERRE,213,60,54,213,85.0,0.049439683586025046,-0.1321790329211888,202.0
ARCADEN,65,123.14,3.79,13,8.0,2.0,12.31,6.15,0.0,ARCADEN,107,32,26,107,26.35,0.02900461437046803,-0.04347098812349659,190.0
ARCHENNES,140,90.5,1.29,28,2.0,1.0,1.43,1.43,23.0,ARCHENNES,148,10,11,148,26.79,0.07646671061305207,-1.1624537320373463,348.0
ARLON,234,136.99,1.17,49,2.0,0.0,0.85,0.43,24.0,ARLON,5476,1331,3075,5476,1500.31,0.06064601186552406,-0.8185424916581172,291.0
ASSE,140,225.475,3.22,28,14.0,2.0,10.0,2.86,25.0,ASSE,1085,239,182,1085,489.28,0.06855636123928807,0.5743464453389174,125.0
ASSESSE,104,74.89,1.44,21,3.0,0.0,2.88,0.0,26.0,ASSESSE,212,57,40,212,31.75,0.034278180619644036,-1.562461040781267,405.0
ATH,269,405.79,3.02,55,22.0,6.0,8.18,4.46,27.0,ATH,5256,1592,1712,5256,4265.66,0.12656558998022413,2.0106149895960854,53.0
ATHUS,147,78.95,1.07,30,4.0,0.0,2.72,0.0,28.0,ATHUS,989,219,169,989,156.16,0.02900461437046803,-1.4201291131763507,390.0
AUBANGE,73,54.04,1.48,17,4.0,0.0,5.48,0.0,0.0,AUBANGE,87,26,21,87,9.4,0.03295978905735003,-1.3179423440829285,373.0
AUVELAIS,137,164.215,2.4,30,10.0,1.0,7.3,1.46,30.0,AUVELAIS,492,230,174,492,161.59,0.05273566249176005,-0.22649287581390515,219.0
AYE,55,34.865,1.27,11,2.0,0.0,3.64,0.0,31.0,AYE,45,17,15,45,3.14,0.015820698747528016,-1.9537385608737747,480.0
AYWAILLE,79,106.785,2.7,16,6.0,1.0,7.59,2.53,32.0,AYWAILLE,180,87,95,180,38.44,0.02702702702702703,-0.8623280703762608,300.0
BAASRODE-ZUID,97,104.885,2.16,20,5.0,0.0,5.15,1.03,0.0,BAASRODE-ZUID,221,66,55,221,46.36,0.04680290046143705,-0.9994302253518221,318.0
BALEGEM-DORP,106,126.835,2.39,22,4.0,2.0,3.77,2.83,34.0,BALEGEM-DORP,291,74,72,291,73.82,0.02966381015161503,-1.3292877473142752,374.0
BALEGEM-ZUID,106,126.31,2.38,22,4.0,2.0,3.77,2.83,0.0,BALEGEM-ZUID,123,36,30,123,31.07,0.051417270929466054,-1.1032516600722568,336.0
BALEN,68,92.66,2.73,14,6.0,0.0,8.82,1.47,36.0,BALEN,285,98,71,285,52.82,0.01845748187211602,-0.8204852101549391,293.0
BALEN-WERKPLAATSEN,7,44.65,6.38,2,3.0,1.0,42.86,14.29,0.0,BALEN-WERKPLAATSEN,1000,300,250,1000,44.65,0.0006591957811470006,4.586168213326076,20.0
BAMBRUGGE,37,38.88,1.05,10,0.0,0.0,0.0,0.0,0.0,BAMBRUGGE,49,14,12,49,1.91,0.0006591957811470006,-2.835271543131609,555.0
BARVAUX,80,74.01,1.85,16,2.0,0.0,2.5,0.0,38.0,BARVAUX,334,109,132,334,49.44,0.03955174686882004,-1.6945118877441292,424.0
BAS-OHA,90,66.015,1.47,18,3.0,0.0,3.33,0.0,39.0,BAS-OHA,56,19,31,56,7.39,0.04021094264996704,-1.5103941693662246,400.0
BASSE-WAVRE,140,90.715,1.3,28,3.0,0.0,2.14,0.71,40.0,BASSE-WAVRE,434,31,33,434,78.74,0.05669083717864205,-1.2429445324698287,357.0
BEAURAING,75,46.69,1.25,15,1.0,0.0,1.33,0.0,41.0,BEAURAING,260,83,166,260,24.28,0.024390243902439025,-2.1453004155077364,504.0
BEERNEM,113,55.01,0.97,23,3.0,0.0,2.65,0.0,42.0,BEERNEM,601,172,138,601,66.12,0.05669083717864205,-1.365386314578362,381.0
BEERSEL,196,211.25,2.16,40,10.0,1.0,5.1,1.02,0.0,BEERSEL,187,56,46,187,79.01,0.08437705998681608,0.11095128113093386,168.0
BEERVELDE,85,96.7,2.28,17,6.0,0.0,7.06,1.18,44.0,BEERVELDE,214,53,38,214,41.39,0.01845748187211602,-1.0379640498395348,324.0
BEGIJNENDIJK,90,144.59,3.21,19,8.0,2.0,8.89,3.33,45.0,BEGIJNENDIJK,315,108,123,315,91.09,0.027686222808174028,-0.48742570814486114,260.0
BEIGNEE,43,18.985,0.88,10,1.0,0.0,2.33,0.0,0.0,BEIGNEE,1000,300,250,1000,37.97,0.01054713249835201,-2.333268772354756,522.0
BELLEM,85,44.415,1.05,17,1.0,0.0,1.18,0.0,47.0,BELLEM,179,45,53,179,15.9,0.05603164139749506,-1.7950422167931022,455.0
BELSELE,140,125.315,1.79,28,2.0,0.0,1.43,0.71,48.0,BELSELE,431,51,41,431,108.02,0.057350032959789056,-1.2846873085938784,366.0
BERINGEN,69,82.56,2.39,14,6.0,0.0,8.7,1.45,50.0,BERINGEN,135,54,40,135,22.29,0.032300593276203035,-0.7142858405261145,282.0
BERLAAR,90,121.79,2.71,19,6.0,1.0,6.67,2.22,51.0,BERLAAR,375,152,193,375,91.34,0.04218852999340804,-0.7763310396584748,287.0
BERTRIX,159,87.515,1.1,32,2.0,0.0,1.26,0.0,52.0,BERTRIX,329,105,189,329,57.58,0.04284772577455504,-1.4568650847712812,394.0
BERZEE,88,34.675,0.79,19,2.0,0.0,2.27,0.0,53.0,BERZEE,132,28,25,132,9.15,0.032300593276203035,-1.8587253217504895,464.0
BEUZET,100,74.415,1.49,20,5.0,0.0,5.0,0.0,54.0,BEUZET,141,21,17,141,20.99,0.03625576796308504,-1.1891327646850083,352.0
BEVEREN(WAAS),210,235.26,2.24,42,10.0,2.0,4.76,1.43,0.0,BEVEREN(WAAS),1000,300,250,1000,470.52,0.0962425840474621,0.30935978062871017,149.0
BEVERLO,68,91.425,2.69,14,6.0,0.0,8.82,1.47,56.0,BEVERLO,146,53,37,146,26.7,0.03823335530652604,-0.6162698480501121,274.0
BIERGES-WALIBI,206,117.525,1.14,43,4.0,0.0,1.94,0.49,57.0,BIERGES-WALIBI,146,504,562,146,34.32,0.08503625576796309,-0.595843256048107,271.0
BIERSET-AWANS,90,32.575,0.72,18,0.0,0.0,0.0,0.0,58.0,BIERSET-AWANS,121,34,27,121,7.88,0.035596572181938034,-2.219023831178764,513.0
BILZEN,166,145.675,1.76,35,8.0,0.0,4.82,0.0,59.0,BILZEN,555,106,107,555,161.7,0.05669083717864205,-0.5188491321652907,263.0
BINCHE,39,17.9,0.92,9,0.0,0.0,0.0,0.0,60.0,BINCHE,335,187,154,335,11.99,0.02966381015161503,-2.566273338910546,542.0
BISSEGEM,104,152.91,2.94,21,8.0,2.0,7.69,2.88,61.0,BISSEGEM,272,85,131,272,83.18,0.05603164139749506,-0.31388877880358357,229.0
BLANKENBERGE,44,22.46,1.02,9,0.0,0.0,0.0,0.0,62.0,BLANKENBERGE,1790,1348,1679,1790,80.41,0.023071852340145024,-2.598675061933726,543.0
BLANMONT,105,81.965,1.56,21,6.0,0.0,5.71,0.0,63.0,BLANMONT,172,22,16,172,28.2,0.035596572181938034,-1.0293585835767438,322.0
BLATON,109,67.415,1.24,22,3.0,0.0,2.75,0.92,64.0,BLATON,536,190,141,536,72.27,0.06262359920896507,-1.2779880300237314,364.0
BLERET,90,35.125,0.78,18,0.0,0.0,0.0,0.0,0.0,BLERET,63,19,15,63,4.43,0.032300593276203035,-2.248171260595231,516.0
BOCKSTAEL,225,194.775,1.73,45,12.0,0.0,5.33,0.44,66.0,BOCKSTAEL,929,129,107,929,361.89,0.1054713249835201,0.48942388696737876,135.0
BOECHOUT,170,138.19,1.63,35,6.0,1.0,3.53,1.18,67.0,BOECHOUT,424,143,186,424,117.19,0.06855636123928807,-0.6195189245806502,275.0
BOKRIJK,99,98.04,1.98,20,6.0,0.0,6.06,0.0,69.0,BOKRIJK,171,73,157,171,33.53,0.037574159525379035,-0.9413490866548021,311.0
BOMAL,75,59.035,1.57,15,2.0,0.0,2.67,0.0,70.0,BOMAL,236,65,112,236,27.86,0.035596572181938034,-1.7642653930386551,445.0
BOOISCHOT,90,152.6,3.39,19,8.0,2.0,8.89,3.33,71.0,BOOISCHOT,293,118,79,293,89.42,0.04152933421226104,-0.3245767855244436,231.0
BOOM,124,97.11,1.57,27,6.0,0.0,4.84,0.81,72.0,BOOM,428,34,36,428,83.13,0.05471324983520105,-0.8529544905804881,298.0
BOONDAAL,333,421.025,2.53,68,24.0,4.0,7.21,2.1,0.0,BOONDAAL,936,280,234,936,788.16,0.16084377059986815,2.4455509158903106,42.0
BOORTMEERBEEK,188,195.585,2.08,39,11.0,2.0,5.85,2.13,74.0,BOORTMEERBEEK,604,196,185,604,236.27,0.07185234014502308,0.04245131872823242,174.0
BORDET,457,577.375,2.53,94,31.0,4.0,6.78,1.53,75.0,BORDET,1633,165,126,1633,1885.71,0.2023731048121292,3.7958497475510016,22.0
BORNEM,104,178.875,3.44,22,11.0,1.0,10.58,1.92,76.0,BORNEM,830,265,221,830,296.93,0.03032300593276203,-0.011188634136460415,182.0
BOSVOORDE,201,375.625,3.74,41,28.0,3.0,13.93,2.99,0.0,BOSVOORDE,880,264,220,880,661.1,0.09690177982860909,2.2008848568680985,47.0
BOUSSU,88,141.015,3.2,18,8.0,1.0,9.09,2.27,77.0,BOUSSU,184,106,91,184,51.89,0.023731048121292023,-0.512622382425072,262.0
BOUWEL,139,122.025,1.76,28,4.0,0.0,2.88,0.72,78.0,BOUWEL,467,149,199,467,113.97,0.04614370468029005,-1.1587177894519254,347.0
BRACQUEGNIES,80,56.585,1.41,16,3.0,0.0,3.75,0.0,79.0,BRACQUEGNIES,119,25,25,119,13.47,0.02109426499670402,-1.7071591072677714,429.0
BRAINE-L'ALLEUD,426,462.975,2.17,87,24.0,2.0,5.63,1.17,0.0,BRAINE-L'ALLEUD,5735,1720,1433,5735,5310.32,0.16809492419248517,2.9325058439420073,33.0
BRAINE-LE-COMTE,402,505.14,2.51,82,30.0,2.0,7.46,1.24,81.0,BRAINE-LE-COMTE,5298,1375,1093,5298,5352.46,0.17336849044166117,3.2849070772132323,28.0
BRESSOUX,139,86.29,1.24,28,2.0,1.0,1.44,1.44,82.0,BRESSOUX,145,46,29,145,25.02,0.023071852340145024,-1.7357025131238353,437.0
BRUGELETTE,99,102.175,2.06,20,5.0,1.0,5.05,2.02,92.0,BRUGELETTE,294,57,45,294,60.08,0.04218852999340804,-1.0611130334322962,332.0
BRUGGE,542,373.775,1.38,112,16.0,4.0,2.95,1.29,93.0,BRUGGE,18091,12737,12249,18091,13523.93,0.2228081740276862,3.6627370011667106,24.0
BRUGGE-SINT-PIETERS,84,62.16,1.48,17,0.0,0.0,0.0,1.19,94.0,BRUGGE-SINT-PIETERS,99,12,7,99,12.31,0.03889255108767304,-2.149371527411426,505.0
BRUSSEL-CENTRAAL,2114,7232.68,4.28,435,535.0,42.0,25.31,2.46,0.0,BRUSSEL-CENTRAAL,57833,17349,14458,57833,522859.48,1.0,53.912878554674805,1.0
BRUSSEL-CONGRES,140,282.885,4.04,28,18.0,1.0,12.86,1.43,0.0,BRUSSEL-CONGRES,380,114,95,380,214.99,0.06789716545814106,1.188863741950431,83.0
BRUSSEL-KAPELLEKERK,69,129.79,3.76,14,8.0,0.0,11.59,1.45,0.0,BRUSSEL-KAPELLEKERK,117,35,29,117,30.37,0.03823335530652604,-0.03898315075876205,187.0
BRUSSEL-LUXEMBURG,764,1035.66,2.71,158,66.0,6.0,8.64,1.7,0.0,BRUSSEL-LUXEMBURG,7804,2341,1951,7804,16164.58,0.37376400791034936,8.878915450567554,11.0
BRUSSEL-NOORD,2139,5068.109173368491,3.09,443,347.0,33.0,16.22,2.01,0.0,BRUSSEL-NOORD,60049,18014,15012,60049,396901.67,0.958470665787739,43.46953031725855,3.0
BRUSSEL-SCHUMAN,752,1040.885,2.77,157,67.0,8.0,8.91,1.99,0.0,BRUSSEL-SCHUMAN,7434,2230,1858,7434,15475.88,0.35992089650626236,8.712256682088768,12.0
BRUSSEL-WEST,70,101.09,2.89,14,7.0,0.0,10.0,1.43,0.0,BRUSSEL-WEST,172,51,43,172,34.77,0.03032300593276203,-0.4600234818841992,255.0
BRUSSEL-ZUID,2171,5354.540044825314,3.11,449,289.0,49.0,13.31,2.86,0.0,BRUSSEL-ZUID,58986,17696,14746,58986,398481.1,0.990771259063942,44.12815045107189,2.0
BRUSSELS AIRPORT - ZAVENTEM,389,395.39,2.03,82,23.0,2.0,5.91,1.03,0.0,BRUSSELS AIRPORT - ZAVENTEM,1000,300,250,1000,790.78,0.2129202373104812,2.9851434306087654,32.0
BUDA,70,112.815,3.22,14,8.0,0.0,11.43,0.0,0.0,BUDA,68,20,17,68,15.34,0.03691496374423204,-0.11363388849376721,197.0
BUGGENHOUT,97,112.785,2.33,20,6.0,0.0,6.19,1.03,96.0,BUGGENHOUT,562,236,187,562,126.77,0.04680290046143705,-0.7963833735951713,288.0
BUIZINGEN,134,211.01,3.15,27,12.0,2.0,8.96,2.24,97.0,BUIZINGEN,514,175,114,514,216.92,0.07317073170731707,0.3698639459747285,146.0
BURST,235,315.25,2.68,49,17.0,6.0,7.23,4.68,98.0,BURST,927,128,110,927,584.47,0.1114040870138431,1.2063525273367948,81.0
CALLENELLE,40,88.17,2.2,8,5.0,1.0,12.5,2.5,0.0,CALLENELLE,44,13,11,44,3.88,0.005932762030323006,-0.45341843296444984,253.0
CAMBRON-CASTEAU,99,102.885,2.08,20,4.0,0.0,4.04,1.01,100.0,CAMBRON-CASTEAU,156,251,146,156,32.1,0.05405405405405406,-1.1138496237478483,338.0
CARLSBOURG,70,31.865,0.91,14,0.0,0.0,0.0,0.0,101.0,CARLSBOURG,44,11,34,44,2.8,0.03098220171390903,-2.3684033426964253,526.0
CARNIERES,79,51.225,1.3,16,2.0,0.0,2.53,1.27,102.0,CARNIERES,111,38,22,111,11.37,0.02702702702702703,-1.8766777267422294,468.0
CEROUX-MOUSTY,86,61.165,1.42,20,2.0,0.0,2.33,0.0,103.0,CEROUX-MOUSTY,170,27,20,170,20.8,0.04152933421226104,-1.7028892048976725,426.0
CHAPELLE-DIEU,50,62.2,1.24,10,2.0,0.0,4.0,0.0,0.0,CHAPELLE-DIEU,44,13,11,44,2.74,0.003955174686882004,-1.9799584512108175,486.0
CHAPOIS,55,50.29,1.83,11,2.0,0.0,3.64,0.0,105.0,CHAPOIS,48,29,14,48,4.83,0.015161502966381015,-1.9268960905748371,475.0
CHARLEROI-CENTRAL,521,419.2,1.61,110,16.0,4.0,3.07,1.34,0.0,CHARLEROI-CENTRAL,1000,300,250,1000,838.4,0.25906394199077126,3.677348989839616,23.0
CHARLEROI-OUEST,93,52.91,1.14,21,2.0,0.0,2.15,1.08,106.0,CHARLEROI-OUEST,93,14,15,93,9.84,0.053394858272907054,-1.5936523785671475,409.0
CHASTRE,105,79.34,1.51,21,5.0,0.0,4.76,0.0,108.0,CHASTRE,370,79,48,370,58.71,0.037574159525379035,-1.1808941323602795,351.0
CHATEAU-DE-SEILLES,90,58.29,1.3,18,2.0,0.0,2.22,0.0,109.0,CHATEAU-DE-SEILLES,136,25,14,136,15.85,0.03691496374423204,-1.7573374965232815,443.0
CHATELET,129,150.115,2.33,29,10.0,0.0,7.75,0.78,110.0,CHATELET,702,209,202,702,210.76,0.08635464733025709,0.13691664295874653,165.0
CHAUDFONTAINE,140,154.74,2.21,29,9.0,0.0,6.43,0.71,111.0,CHAUDFONTAINE,94,21,12,94,29.09,0.061305207646671064,-0.2996952483177733,228.0
CHENEE,140,146.625,2.09,29,10.0,0.0,7.14,0.71,112.0,CHENEE,94,21,17,94,27.57,0.05932762030323006,-0.21307323855346463,216.0
CINEY,161,143.2,1.78,34,10.0,1.0,6.21,1.24,113.0,CINEY,2127,805,1090,2127,609.17,0.07712590639419907,-0.07588392447961839,193.0
COMBLAIN-LA-TOUR,81,62.085,1.53,17,2.0,0.0,2.47,0.0,114.0,COMBLAIN-LA-TOUR,127,44,54,127,15.77,0.034278180619644036,-1.7773076664429872,450.0
COO,80,84.515,2.11,16,4.0,1.0,5.0,2.5,116.0,COO,35,50,66,35,5.92,0.034278180619644036,-1.287492058721416,368.0
COUILLET,120,119.715,2.0,27,4.0,0.0,3.33,0.83,0.0,COUILLET,81,24,20,81,19.39,0.06064601186552406,-1.0292169641303024,321.0
COUR-SUR-HEURE,44,19.45,0.88,10,1.0,0.0,2.27,0.0,118.0,COUR-SUR-HEURE,32,16,9,32,1.24,0.011865524060646011,-2.3251306009660637,520.0
COURCELLES-MOTTE,70,42.6,1.22,14,1.0,0.0,1.43,0.0,119.0,COURCELLES-MOTTE,167,19,17,167,14.23,0.03493737640079104,-2.0509408760881946,496.0
COURRIERE,104,87.835,1.69,21,4.0,0.0,3.85,0.0,120.0,COURRIERE,219,61,40,219,38.47,0.02966381015161503,-1.4114138729737273,388.0
COURT-SAINT-ETIENNE,153,115.7,1.51,34,3.0,0.0,1.96,0.65,121.0,COURT-SAINT-ETIENNE,371,50,37,371,85.85,0.08108108108108109,-0.8992012428160373,308.0
COUVIN,39,8.3,0.43,8,0.0,0.0,0.0,0.0,122.0,COUVIN,134,28,29,134,2.22,0.023071852340145024,-2.6567849940772827,545.0
DAVE-SAINT-MARTIN,105,83.175,1.58,21,3.0,0.0,2.86,0.0,123.0,DAVE-SAINT-MARTIN,86,36,22,86,14.31,0.03361898483849703,-1.5503669717584398,403.0
DE HOEK,70,111.79,3.19,14,7.0,0.0,10.0,1.43,124.0,DE HOEK,204,192,91,204,45.61,0.04152933421226104,-0.31861141156144535,230.0
DE PANNE,45,12.235,0.54,9,0.0,0.0,0.0,0.0,125.0,DE PANNE,876,601,731,876,21.44,0.03032300593276203,-2.5416840145187614,540.0
DE PINTE,316,283.31,1.79,64,15.0,3.0,4.75,1.9,126.0,DE PINTE,1569,431,420,1569,889.03,0.14040870138431114,1.4149232426540028,72.0
DEINZE,206,300.55,2.92,46,16.0,3.0,7.77,2.91,127.0,DEINZE,2050,633,739,2050,1232.25,0.08503625576796309,0.8681637610089328,104.0
DELTA,134,141.46,2.11,27,6.0,2.0,4.48,2.24,0.0,DELTA,262,78,65,262,74.13,0.05207646671061305,-0.7978460455485977,290.0
DENDERLEEUW,684,665.665,1.95,139,32.0,7.0,4.68,2.05,129.0,DENDERLEEUW,11196,2076,1843,11196,14905.57,0.35003295978905735,6.688002321539859,15.0
DENDERMONDE,328,202.435,1.23,66,10.0,1.0,3.05,0.61,130.0,DENDERMONDE,5757,1363,1492,5757,2330.84,0.17666446934739619,1.4222185984401463,70.0
DIEGEM,276,438.035,3.17,56,26.0,3.0,9.42,2.17,131.0,DIEGEM,1357,453,337,1357,1188.83,0.13117996044825314,2.2901362088573642,44.0
DIEPENBEEK,171,118.425,1.39,36,8.0,0.0,4.68,0.0,132.0,DIEPENBEEK,522,73,75,522,123.64,0.05866842452208306,-0.5586673616874932,266.0
DIESDELLE,332,384.825,2.32,68,20.0,3.0,6.02,1.81,0.0,DIESDELLE,663,199,165,663,510.28,0.16875411997363216,2.2263693117884307,45.0
DIEST,313,353.65,2.26,64,20.0,1.0,6.39,0.64,133.0,DIEST,3072,780,720,3072,2172.83,0.1001977587343441,1.4592999308491603,69.0
DIKSMUIDE,90,88.66,1.97,18,3.0,2.0,3.33,3.33,134.0,DIKSMUIDE,569,244,415,569,100.9,0.04152933421226104,-1.4442322678043922,391.0
DILBEEK,155,76.15,0.98,31,2.0,0.0,1.29,0.0,135.0,DILBEEK,715,139,164,715,108.89,0.06394199077125906,-1.2731630265648641,363.0
DINANT,110,47.025,0.86,22,0.0,0.0,0.0,0.0,136.0,DINANT,1107,403,458,1107,104.11,0.043506921555702044,-2.002247296178915,491.0
DOLHAIN-GILEPPE,81,110.415,2.73,17,6.0,1.0,7.41,2.47,137.0,DOLHAIN-GILEPPE,122,29,19,122,26.94,0.04087013843111404,-0.7311625287474486,283.0
DRONGEN,110,45.185,0.82,23,1.0,0.0,0.91,0.0,138.0,DRONGEN,434,68,84,434,39.22,0.05800922874093606,-1.6954744914718844,425.0
DUFFEL,139,104.55,1.5,28,6.0,0.0,4.32,0.0,139.0,DUFFEL,856,328,216,856,178.99,0.08239947264337508,-0.560289207816259,267.0
DUINBERGEN,98,62.7,1.28,20,2.0,0.0,2.04,0.0,140.0,DUINBERGEN,212,114,118,212,26.58,0.034278180619644036,-1.767118875125292,446.0
ECAUSSINNES,163,151.685,1.86,33,8.0,1.0,4.91,1.23,141.0,ECAUSSINNES,710,286,257,710,215.39,0.044166117336849046,-0.6346532587708581,276.0
EDE,136,250.86,3.69,28,11.0,4.0,8.09,6.62,0.0,EDE,380,114,95,380,190.65,0.06262359920896507,0.20193615469003698,159.0
EDINGEN,351,573.085,3.27,72,32.0,10.0,9.12,5.41,0.0,EDINGEN,1000,300,250,1000,1146.17,0.13909030982201714,2.9862630957847,31.0
EEKLO,45,21.95,0.98,9,2.0,0.0,4.44,0.0,143.0,EEKLO,820,326,211,820,36.0,0.02966381015161503,-1.7441478253672313,441.0
EICHEM,155,201.49,2.6,31,10.0,2.0,6.45,2.58,144.0,EICHEM,93,24,21,93,37.48,0.04087013843111404,-0.3339508817068614,232.0
EINE,118,54.765,0.93,28,2.0,0.0,1.69,0.85,145.0,EINE,491,107,64,491,53.78,0.04284772577455504,-1.6561338212623682,417.0
EKE-NAZARETH,140,93.65,1.34,28,3.0,0.0,2.14,0.71,146.0,EKE-NAZARETH,417,90,68,417,78.1,0.053394858272907054,-1.2711657379940056,362.0
EKEREN,204,265.025,2.6,42,16.0,2.0,7.84,2.45,147.0,EKEREN,1206,286,285,1206,639.24,0.13183915622940012,1.266619419258045,77.0
ENGIS,90,61.735,1.37,18,2.0,0.0,2.22,0.0,149.0,ENGIS,175,33,36,175,21.61,0.035596572181938034,-1.7634808074335624,444.0
EPPEGEM,338,344.46,2.04,69,15.0,0.0,4.44,0.0,150.0,EPPEGEM,871,131,119,871,600.05,0.14897824653922215,1.6843505332150064,62.0
ERBISOEUL,98,144.165,2.94,20,8.0,2.0,8.16,3.06,0.0,ERBISOEUL,1000,300,250,1000,288.33,0.04482531311799604,-0.39141668756512726,246.0
EREMBODEGEM,173,114.85,1.33,35,4.0,0.0,2.31,0.0,152.0,EREMBODEGEM,1001,263,218,1001,229.93,0.06591957811470006,-0.8950369501129852,307.0
ERNAGE,97,83.61,1.72,20,5.0,0.0,5.15,0.0,153.0,ERNAGE,107,25,22,107,17.89,0.045484508899143045,-1.0606368258048975,331.0
ERPE-MERE,58,22.88,0.39,12,0.0,0.0,0.0,0.0,0.0,ERPE-MERE,69,20,17,69,1.58,0.0026367831245880024,-2.7453118244012416,551.0
ERPS-KWERPS,134,190.385,2.84,27,13.0,2.0,9.7,3.73,155.0,ERPS-KWERPS,289,50,54,289,110.04,0.07185234014502308,0.4381785152258657,141.0
ERQUELINNES,62,27.79,0.9,13,0.0,0.0,0.0,0.0,156.0,ERQUELINNES,197,93,114,197,10.95,0.02109426499670402,-2.5205998576450885,538.0
ERQUELINNES-VILLAGE,88,52.71,1.2,19,0.0,0.0,0.0,0.0,157.0,ERQUELINNES-VILLAGE,42,11,9,42,4.43,0.021753460777851022,-2.3304307302487963,521.0
ESNEUX,169,190.64,2.26,34,8.0,1.0,4.73,1.18,158.0,ESNEUX,176,60,78,176,67.11,0.07448912326961107,-0.23747309035092606,220.0
ESSEN,136,101.14,1.49,28,4.0,1.0,2.94,1.47,159.0,ESSEN,1668,491,442,1668,337.4,0.05932762030323006,-1.0634660345590707,333.0
ESSENE-LOMBEEK,155,82.39,1.06,31,2.0,0.0,1.29,0.0,160.0,ESSENE-LOMBEEK,327,67,56,327,53.88,0.07514831905075807,-1.1434845915276464,344.0
ETTERBEEK,603,770.285,2.55,123,48.0,6.0,7.96,1.99,161.0,ETTERBEEK,7924,819,693,7924,12207.48,0.3085036255767963,6.575627558144182,16.0
EUPEN,35,5.89,0.34,7,0.0,0.0,0.0,0.0,162.0,EUPEN,560,582,420,560,6.6,0.021753460777851022,-2.6956095020787902,547.0
EVERE,330,450.165,2.73,68,22.0,3.0,6.67,1.82,163.0,EVERE,690,48,31,690,621.23,0.16479894528675015,2.435665621442224,43.0
EVERGEM,83,52.165,1.26,18,3.0,0.0,3.61,0.0,164.0,EVERGEM,351,52,76,351,36.62,0.03164139749505603,-1.6151484501126827,411.0
EZEMAAL,128,121.275,1.89,27,6.0,0.0,4.69,0.0,165.0,EZEMAAL,233,114,81,233,56.51,0.04878048780487805,-0.8698528271402624,304.0
FAMILLEUREUX,89,67.365,1.51,18,2.0,0.0,2.25,0.0,0.0,FAMILLEUREUX,65,19,16,65,8.76,0.008569545154911009,-2.0350936696682873,495.0
FARCIENNES,125,156.06,2.5,28,10.0,0.0,8.0,0.8,167.0,FARCIENNES,165,25,25,165,51.5,0.06657877389584707,-0.03835914083144762,186.0
FAUX,87,62.14,1.43,20,2.0,0.0,2.3,0.0,168.0,FAUX,153,23,20,153,19.01,0.03955174686882004,-1.7219108670361916,432.0
FEXHE-LE-HAUT-CLOCHER,90,25.435,0.57,18,0.0,0.0,0.0,0.0,0.0,FEXHE-LE-HAUT-CLOCHER,153,46,38,153,7.78,0.04482531311799604,-2.137705276503278,502.0
FLAWINNE,114,119.05,2.09,26,6.0,1.0,5.26,1.75,170.0,FLAWINNE,70,8,4,70,16.67,0.027686222808174028,-1.0664208401289326,334.0
FLEMALLE-GRANDE,90,50.91,1.13,18,2.0,0.0,2.22,0.0,171.0,FLEMALLE-GRANDE,91,29,22,91,9.27,0.04021094264996704,-1.7390495437674407,439.0
FLEMALLE-HAUTE,295,262.165,1.78,60,15.0,0.0,5.08,0.34,172.0,FLEMALLE-HAUTE,1198,354,294,1198,628.15,0.13381674357284112,1.2456156460914733,79.0
FLEURUS,156,91.49,1.17,35,2.0,1.0,1.28,1.28,173.0,FLEURUS,420,168,139,420,76.85,0.07448912326961107,-1.126627824304428,341.0
FLOREFFE,120,169.485,2.82,28,10.0,1.0,8.33,1.67,174.0,FLOREFFE,169,35,31,169,57.29,0.05932762030323006,-0.05162120057385518,191.0
FLORENVILLE,84,70.035,1.67,17,3.0,0.0,3.57,0.0,175.0,FLORENVILLE,160,57,146,160,22.41,0.017798286090969017,-1.7240009624817068,433.0
FLORIVAL,140,93.89,1.34,28,2.0,0.0,1.43,0.71,176.0,FLORIVAL,93,9,10,93,17.46,0.05800922874093606,-1.349180784021606,377.0
FONTAINE-VALMONT,97,62.625,1.29,20,0.0,0.0,0.0,0.0,177.0,FONTAINE-VALMONT,78,27,26,78,9.77,0.03098220171390903,-2.1670257107439825,508.0
FORCHIES,76,54.4,1.43,16,2.0,0.0,2.63,1.32,178.0,FORCHIES,134,32,24,134,14.58,0.02702702702702703,-1.866892524093159,465.0
FORRIERES,48,41.215,1.72,11,2.0,0.0,4.17,0.0,181.0,FORRIERES,37,43,13,37,3.05,0.013843111404087014,-1.9019151160540892,473.0
FRAIPONT,140,142.285,2.03,30,9.0,0.0,6.43,0.71,182.0,FRAIPONT,90,44,35,90,25.61,0.06723796967699407,-0.2647128003289624,222.0
FRAMERIES,90,115.4,2.56,21,6.0,2.0,6.67,3.33,0.0,FRAMERIES,238,71,59,238,54.93,0.027686222808174028,-0.94371053088945,312.0
FRANCHIMONT,69,51.41,1.49,14,0.0,0.0,0.0,0.0,184.0,FRANCHIMONT,303,20,18,303,31.15,0.02043506921555702,-2.4405635392743976,534.0
FRANIERE,121,169.84,2.81,27,10.0,1.0,8.26,1.65,185.0,FRANIERE,138,31,23,138,46.88,0.049439683586025046,-0.16239091043438375,210.0
FROYENNES,229,396.51,3.46,49,24.0,5.0,10.48,4.37,186.0,FROYENNES,863,46,36,863,684.38,0.047462096242584045,1.2586290210927387,78.0
GALMAARDEN,141,264.2,3.75,29,16.0,4.0,11.35,5.67,187.0,GALMAARDEN,354,44,52,354,187.05,0.05603164139749506,0.7613023401891927,112.0
GASTUCHE,140,78.45,1.12,28,2.0,0.0,1.43,0.71,188.0,GASTUCHE,227,20,22,227,35.62,0.06657877389584707,-1.2923767094465317,370.0
GAVERE-ASPER,140,82.815,1.18,28,2.0,0.0,1.43,0.71,189.0,GAVERE-ASPER,508,109,84,508,84.14,0.06526038233355307,-1.295220003730376,371.0
GEDINNE,70,33.785,0.97,14,0.0,0.0,0.0,0.0,190.0,GEDINNE,108,47,112,108,7.3,0.03625576796308504,-2.308683810750228,519.0
GEEL,153,174.885,2.29,31,11.0,2.0,7.19,2.61,191.0,GEEL,1686,615,635,1686,589.71,0.06723796967699407,0.022026110261679194,175.0
GEMBLOUX,351,500.635,2.85,72,28.0,6.0,7.98,3.13,192.0,GEMBLOUX,6738,1591,1736,6738,6746.56,0.14963744232036916,2.906538020226815,34.0
GENDRON-CELLES,75,29.1,0.78,15,0.0,0.0,0.0,0.0,193.0,GENDRON-CELLES,25,19,18,25,1.46,0.023731048121292023,-2.425842112356332,531.0
GENK,55,13.05,0.47,11,0.0,0.0,0.0,0.0,194.0,GENK,888,715,1422,888,23.18,0.027686222808174028,-2.5179384944671397,537.0
GENLY,87,102.015,2.35,20,4.0,2.0,4.6,3.45,0.0,GENLY,150,45,37,150,30.6,0.025708635464733027,-1.3742995296734664,382.0
GENT-DAMPOORT,375,429.765,2.29,75,22.0,3.0,5.87,1.6,196.0,GENT-DAMPOORT,6312,2174,1811,6312,5425.35,0.16084377059986815,2.5765537888390115,37.0
GENT-SINT-PIETERS,982,741.975,1.51,202,37.0,7.0,3.77,1.43,197.0,GENT-SINT-PIETERS,55325,25486,20416,55325,82099.53,0.4838497033618985,11.603835434150529,7.0
GENTBRUGGE,170,179.725,2.11,34,8.0,1.0,4.71,1.18,198.0,GENTBRUGGE,460,166,69,460,165.35,0.06460118655240607,-0.3607852313526533,239.0
GENVAL,134,286.79,4.28,27,18.0,4.0,13.43,5.22,199.0,GENVAL,1493,378,391,1493,856.35,0.06789716545814106,1.287464597757905,76.0
GERAARDSBERGEN,262,268.385,2.05,54,14.0,2.0,5.34,1.91,200.0,GERAARDSBERGEN,2656,857,711,2656,1425.66,0.13315754779169414,1.1584723725893302,88.0
GHLIN,98,130.165,2.66,20,7.0,2.0,7.14,3.06,0.0,GHLIN,79,23,19,79,20.57,0.02043506921555702,-0.8660848008519104,302.0
GLONS,69,27.34,0.79,14,0.0,0.0,0.0,0.0,203.0,GLONS,113,34,29,113,6.18,0.03295978905735003,-2.3623821920255206,525.0
GODARVILLE,79,44.075,1.12,16,1.0,0.0,1.27,0.0,204.0,GODARVILLE,110,25,20,110,9.7,0.021753460777851022,-2.169885363006242,509.0
GODINNE,144,109.94,1.53,29,2.0,1.0,1.39,1.39,205.0,GODINNE,367,135,136,367,80.7,0.06394199077125906,-1.237092529885715,356.0
GONTRODE,104,96.875,1.86,22,4.0,1.0,3.85,1.92,206.0,GONTRODE,152,49,25,152,29.45,0.04021094264996704,-1.2811522719504747,365.0
GOUVY,75,68.99,1.84,15,5.0,1.0,6.67,2.67,207.0,GOUVY,198,106,120,198,27.32,0.01845748187211602,-1.2173184596111026,354.0
GOUY-LEZ-PIETON,79,41.85,1.06,16,2.0,0.0,2.53,0.0,208.0,GOUY-LEZ-PIETON,109,15,13,109,9.12,0.021753460777851022,-1.9526240621961894,479.0
GRAIDE,69,5.81,0.17,14,0.0,0.0,0.0,0.0,209.0,GRAIDE,73,56,80,73,0.85,0.026367831245880026,-2.4788357796737457,535.0
GROENENDAAL,202,356.785,3.53,41,25.0,3.0,12.38,2.97,210.0,GROENENDAAL,696,178,181,696,496.64,0.1001977587343441,1.9210550542075422,56.0
GROOT-BIJGAARDEN,155,98.81,1.27,31,3.0,0.0,1.94,0.0,211.0,GROOT-BIJGAARDEN,514,101,72,514,101.58,0.08042188529993408,-0.9361724424752257,310.0
GRUPONT,52,49.875,1.92,11,3.0,0.0,5.77,0.0,212.0,GRUPONT,41,31,22,41,4.09,0.013843111404087014,-1.5810280563710077,407.0
HAACHT,188,186.465,1.98,39,11.0,2.0,5.85,2.13,213.0,HAACHT,685,166,182,685,255.46,0.06987475280158208,0.0023257613406727773,181.0
HAALTERT,137,222.29,3.25,28,10.0,4.0,7.3,6.57,214.0,HAALTERT,457,122,130,457,203.17,0.07185234014502308,0.10247592714379274,169.0
HABAY,80,43.2,1.08,18,2.0,0.0,2.5,0.0,215.0,HABAY,46,23,30,46,3.97,0.02241265655899802,-1.9432337441141596,477.0
HAININ,88,141.125,3.21,18,8.0,1.0,9.09,2.27,216.0,HAININ,100,39,32,100,28.22,0.027686222808174028,-0.47155511950761597,258.0
HALANZY,85,59.11,1.39,17,4.0,0.0,4.71,0.0,0.0,HALANZY,85,25,21,85,10.05,0.03493737640079104,-1.3622979490445215,380.0
HALLE,668,974.74,2.92,136,56.0,9.0,8.38,2.69,218.0,HALLE,9424,2018,1607,9424,18371.9,0.2926829268292683,7.438678644038411,14.0
HAM-SUR-HEURE,93,38.19,0.82,20,2.0,0.0,2.15,0.0,219.0,HAM-SUR-HEURE,67,13,32,67,5.12,0.02109426499670402,-1.9652156173132567,482.0
HAMBOS,70,92.535,2.64,17,4.0,1.0,5.71,2.86,0.0,HAMBOS,49,14,12,49,9.07,0.025049439683586024,-1.2912252571929608,369.0
HAMOIR,84,61.235,1.46,17,2.0,0.0,2.38,0.0,221.0,HAMOIR,208,65,56,208,25.47,0.03295978905735003,-1.7937056079896265,454.0
HAMONT,35,10.31,0.59,7,0.0,0.0,0.0,0.0,222.0,HAMONT,171,45,121,171,3.53,0.025708635464733027,-2.6445006756654963,544.0
HANSBEKE,94,38.085,0.81,19,0.0,0.0,0.0,0.0,223.0,HANSBEKE,246,62,62,246,18.74,0.05207646671061305,-2.0137257254285883,494.0
HARCHIES,40,86.17,2.15,8,5.0,1.0,12.5,2.5,0.0,HARCHIES,46,13,11,46,3.96,0.0065919578114700065,-0.45086407927870764,252.0
HARELBEKE,106,146.135,2.76,22,9.0,2.0,8.49,2.83,225.0,HARELBEKE,1076,402,436,1076,314.48,0.04482531311799604,-0.28845810178399267,226.0
HAREN,198,208.4,2.11,41,10.0,0.0,5.05,0.51,226.0,HAREN,276,25,12,276,115.04,0.07185234014502308,-0.024630646442213605,185.0
HAREN-ZUID,139,256.385,3.69,28,18.0,2.0,12.95,3.6,0.0,HAREN-ZUID,1000,300,250,1000,512.77,0.05800922874093606,1.046975043592675,93.0
HASSELT,393,345.11,1.76,80,20.0,1.0,5.09,0.51,228.0,HASSELT,7279,2839,2777,7279,5024.11,0.1990771259063942,2.732754561544636,36.0
HAUTE-FLONE,90,45.54,1.01,18,2.0,0.0,2.22,0.0,229.0,HAUTE-FLONE,99,26,13,99,9.02,0.047462096242584045,-1.6746369861032218,421.0
HAVERSIN,55,41.46,1.51,11,3.0,0.0,5.45,0.0,230.0,HAVERSIN,90,28,18,90,7.46,0.014502307185234015,-1.633931420892432,415.0
HAVRE,80,55.65,1.39,16,2.0,0.0,2.5,0.0,231.0,HAVRE,90,8,24,90,10.02,0.017798286090969017,-1.9643028251385883,481.0
HEIDE,199,273.46,2.75,42,16.0,2.0,8.04,1.51,232.0,HEIDE,1149,348,332,1149,628.41,0.0942649967040211,0.9005533393787327,102.0
HEIST,97,62.0,1.28,20,4.0,0.0,4.12,0.0,233.0,HEIST,414,208,258,414,51.34,0.034278180619644036,-1.406152274597916,387.0
HEIST-OP-DEN-BERG,213,280.025,2.63,44,16.0,2.0,7.51,1.88,234.0,HEIST-OP-DEN-BERG,1744,896,762,1744,976.73,0.07119314436387607,0.6590914339528215,120.0
HEIZIJDE,140,224.675,3.21,28,14.0,2.0,10.0,2.86,235.0,HEIZIJDE,276,42,30,276,124.02,0.06328279499011207,0.50619862285752,133.0
HEMIKSEM,122,136.75,2.24,27,7.0,2.0,5.74,2.46,236.0,HEMIKSEM,262,42,68,262,71.66,0.08635464733025709,-0.28558247823445565,225.0
HENNUYERES,131,204.71,3.13,27,12.0,3.0,9.16,4.58,237.0,HENNUYERES,438,125,88,438,179.33,0.05075807514831905,0.13994375512793988,164.0
HERENT,134,196.34,2.93,27,14.0,2.0,10.45,3.73,238.0,HERENT,605,127,112,605,237.57,0.05800922874093606,0.4418752243917015,140.0
HERENTALS,308,376.41,2.44,63,20.0,4.0,6.49,2.6,239.0,HERENTALS,3881,1161,1115,3881,2921.69,0.12524719841793014,1.7875412201293317,60.0
HERGENRATH,68,93.06,2.74,14,6.0,0.0,8.82,1.47,240.0,HERGENRATH,43,24,15,43,8.0,0.026367831245880026,-0.7378812786457932,285.0
HERNE,142,262.76,3.7,29,15.0,4.0,10.56,5.63,241.0,HERNE,326,65,63,326,171.32,0.04680290046143705,0.5264339484754283,130.0
HERSEAUX,136,237.685,3.5,29,15.0,4.0,11.03,5.15,242.0,HERSEAUX,576,215,165,576,273.81,0.04680290046143705,0.5278159199298816,128.0
HERSTAL,314,299.85,1.91,65,11.0,0.0,3.5,0.0,243.0,HERSTAL,328,282,202,328,196.7,0.13974950560316415,1.19297918790544,82.0
HERZELE,137,200.315,2.92,28,10.0,4.0,7.3,5.84,244.0,HERZELE,459,125,133,459,183.89,0.06855636123928807,0.019246155313043453,177.0
HEUSDEN,69,78.65,2.28,14,6.0,0.0,8.7,1.45,245.0,HEUSDEN,148,64,55,148,23.28,0.02043506921555702,-0.8474235383233805,297.0
HEVER,113,143.35,2.54,24,8.0,2.0,7.08,2.65,0.0,HEVER,109,32,27,109,31.25,0.04284772577455504,-0.5377183004167254,264.0
HEVERLEE,204,89.45,0.88,42,2.0,0.0,0.98,0.49,247.0,HEVERLEE,533,37,43,533,95.35,0.07185234014502308,-0.9730080366120062,316.0
HILLEGEM,131,191.865,2.93,27,8.0,2.0,6.11,3.82,0.0,HILLEGEM,120,36,30,120,46.05,0.049439683586025046,-0.44372174947904186,250.0
HOBOKEN-POLDER,129,137.435,2.13,27,8.0,2.0,6.2,2.33,249.0,HOBOKEN-POLDER,344,102,89,344,94.56,0.06987475280158208,-0.34065683614192477,234.0
HOEILAART,132,232.31,3.52,27,18.0,2.0,13.64,2.27,250.0,HOEILAART,234,116,113,234,108.72,0.06855636123928807,1.1798721024684835,86.0
HOLLEKEN,70,108.79,3.11,14,5.0,0.0,7.14,1.43,252.0,HOLLEKEN,170,165,86,170,36.99,0.02109426499670402,-1.0442812866935205,326.0
HONY,84,66.225,1.58,17,2.0,0.0,2.38,0.0,253.0,HONY,36,19,18,36,4.77,0.03361898483849703,-1.776499465035291,448.0
HOURAING,93,150.885,3.24,19,10.0,1.0,10.75,2.15,254.0,HOURAING,144,32,25,144,43.45,0.03889255108767304,-0.014599302134255573,183.0
HOURPES,98,57.76,1.18,20,2.0,0.0,2.04,0.0,0.0,HOURPES,48,14,12,48,5.54,0.03295978905735003,-1.7923975299067276,453.0
HOUYET,75,44.975,1.2,15,1.0,0.0,1.33,0.0,256.0,HOUYET,91,48,40,91,8.19,0.025049439683586024,-2.1426106264829015,503.0
HOVE,133,106.05,1.59,27,6.0,0.0,4.51,0.0,257.0,HOVE,523,112,150,523,110.93,0.08174027686222808,-0.562251492925249,268.0
HUIZINGEN,196,207.515,2.12,40,10.0,2.0,5.1,1.53,0.0,HUIZINGEN,209,62,52,209,86.74,0.06657877389584707,-0.08391137860836527,194.0
HUY,237,264.915,2.24,48,14.0,2.0,5.91,2.11,259.0,HUY,2058,719,592,2058,1090.39,0.1094264996704021,0.8680169222028946,105.0
IDDERGEM,155,220.775,2.85,31,12.0,2.0,7.74,2.58,260.0,IDDERGEM,177,44,45,177,78.15,0.03691496374423204,-0.10468219906567126,196.0
IDEGEM,155,208.69,2.69,31,11.0,2.0,7.1,2.58,261.0,IDEGEM,199,43,34,199,83.06,0.05603164139749506,-0.04300399439969478,189.0
IEPER,97,142.965,2.95,20,7.0,2.0,7.22,3.09,262.0,IEPER,1190,613,718,1190,340.26,0.035596572181938034,-0.6600872124271215,278.0
INGELMUNSTER,135,352.84,5.23,29,9.0,2.0,6.67,3.7,263.0,INGELMUNSTER,782,200,186,782,551.84,0.07053394858272907,0.263496249252296,151.0
IZEGEM,170,428.14,5.04,36,11.0,4.0,6.47,4.12,264.0,IZEGEM,1343,368,397,1343,1149.98,0.07251153592617007,0.6052430380674261,123.0
JAMBES,190,117.835,1.24,40,4.0,2.0,2.11,2.11,265.0,JAMBES,1118,429,300,1118,263.48,0.08767303889255108,-0.6099602234935569,272.0
JAMBES-EST,103,79.41,1.54,21,2.0,0.0,1.94,0.0,266.0,JAMBES-EST,129,44,23,129,20.49,0.021753460777851022,-1.8551512835856367,462.0
JAMIOULX,50,17.59,0.7,11,0.0,0.0,0.0,0.0,267.0,JAMIOULX,35,11,14,35,1.23,0.00922874093605801,-2.7273350850910383,549.0
JEMAPPES,206,244.29,2.37,42,13.0,2.0,6.31,1.46,268.0,JEMAPPES,526,210,159,526,256.99,0.08701384311140409,0.4791595181818968,137.0
JEMEPPE-SUR-MEUSE,90,57.885,1.29,18,3.0,0.0,3.33,0.0,269.0,JEMEPPE-SUR-MEUSE,132,27,22,132,15.28,0.03493737640079104,-1.583313563558166,408.0
JEMEPPE-SUR-SAMBRE,152,173.36,2.28,34,10.0,1.0,6.58,1.32,270.0,JEMEPPE-SUR-SAMBRE,343,200,157,343,118.92,0.057350032959789056,-0.2118572608078041,215.0
JETTE,364,454.01,2.49,73,30.0,4.0,8.24,1.92,271.0,JETTE,3484,726,585,3484,3163.54,0.17402768622280818,3.063097982811425,30.0
JURBISE,338,483.8,2.86,69,26.0,4.0,7.69,2.37,272.0,JURBISE,1596,1931,1726,1596,1544.29,0.11206328279499012,2.2026524073913607,46.0
JUSLENVILLE,69,50.935,1.48,14,1.0,0.0,1.45,0.0,273.0,JUSLENVILLE,119,37,35,119,12.12,0.023071852340145024,-2.158842204549512,507.0
KALMTHOUT,198,242.71,2.45,42,14.0,2.0,7.07,2.02,274.0,KALMTHOUT,1016,258,287,1016,493.19,0.07976268951878708,0.5009757996586353,134.0
KAPELLE-OP-DEN-BOS,98,120.235,2.45,20,6.0,0.0,6.12,0.0,275.0,KAPELLE-OP-DEN-BOS,452,144,140,452,108.69,0.03691496374423204,-0.891876547661408,306.0
KAPELLEN,201,353.375,3.52,42,20.0,2.0,9.95,2.49,276.0,KAPELLEN,1412,390,437,1412,997.93,0.1061305207646671,1.5576480991150041,67.0
KAPELLEN-WIJKSPOOR,1,-0.8,-0.8,1,0.0,0.0,0.0,0.0,0.0,KAPELLEN-WIJKSPOOR,1000,300,250,1000,-0.8,0.0,-3.1075856728525886,556.0
KESSEL,139,128.26,1.85,28,4.0,1.0,2.88,1.44,277.0,KESSEL,443,146,141,443,113.64,0.044166117336849046,-1.165869916675222,349.0
KIEWIT,99,117.2,2.37,20,8.0,0.0,8.08,1.01,278.0,KIEWIT,670,107,219,670,157.05,0.045484508899143045,-0.4565331598991783,254.0
KIJKUIT,136,216.6,3.19,28,12.0,1.0,8.82,1.47,279.0,KIJKUIT,207,88,78,207,89.67,0.07185234014502308,0.3496376170729171,147.0
KNOKKE,49,24.025,0.98,10,0.0,0.0,0.0,0.0,280.0,KNOKKE,786,778,971,786,37.77,0.025049439683586024,-2.550967034049238,541.0
KOKSIJDE,85,77.31,1.82,17,2.0,0.0,2.35,1.18,281.0,KOKSIJDE,296,114,313,296,45.77,0.035596572181938034,-1.7305928793548808,436.0
KOMEN,104,178.14,3.43,21,8.0,2.0,7.69,3.85,0.0,KOMEN,1000,300,250,1000,356.28,0.03889255108767304,-0.43051782173961084,248.0
KONTICH-LINT,133,93.36,1.4,27,6.0,0.0,4.51,0.0,282.0,KONTICH-LINT,979,275,339,979,182.8,0.08503625576796309,-0.5532046443779308,265.0
KORTEMARK,90,89.3,1.98,18,6.0,0.0,6.67,1.11,283.0,KORTEMARK,524,178,373,524,93.59,0.04482531311799604,-0.8195840323631518,292.0
KORTENBERG,134,213.19,3.18,27,14.0,2.0,10.45,3.73,284.0,KORTENBERG,751,170,122,751,320.21,0.08701384311140409,0.7858261955163148,109.0
KORTRIJK,412,486.51,2.36,87,22.0,6.0,5.34,3.16,285.0,KORTRIJK,8581,4058,4081,8581,8349.48,0.2003955174686882,3.2942442352815204,27.0
KWATRECHT,91,47.125,1.04,20,1.0,0.0,1.1,1.1,286.0,KWATRECHT,84,43,54,84,7.92,0.05207646671061305,-1.8152409735660306,457.0
LA HULPE,139,287.7,4.14,28,18.0,3.0,12.95,4.32,287.0,LA HULPE,1305,331,321,1305,750.9,0.07976268951878708,1.3510729225095763,74.0
LA LOUVIERE-CENTRE,213,165.175,1.55,43,6.0,1.0,2.82,0.94,288.0,LA LOUVIERE-CENTRE,1330,935,704,1330,439.37,0.06855636123928807,-0.46269614661867076,257.0
LA LOUVIERE-SUD,357,330.035,1.85,73,17.0,5.0,4.76,2.8,289.0,LA LOUVIERE-SUD,3124,1148,1293,3124,2062.06,0.13579433091628212,1.7090974852815795,61.0
LA ROCHE(BRABANT),88,30.4,0.69,20,0.0,0.0,0.0,0.0,0.0,LA ROCHE(BRABANT),1000,300,250,1000,60.8,0.047462096242584045,-2.107482084153344,500.0
LABUISSIERE,96,58.71,1.22,20,0.0,0.0,0.0,0.0,291.0,LABUISSIERE,70,20,15,70,8.22,0.03098220171390903,-2.180590116024001,510.0
LANDEGEM,111,45.09,0.81,23,1.0,0.0,0.9,0.0,292.0,LANDEGEM,654,108,101,654,58.98,0.06064601186552406,-1.664195276467294,419.0
LANDELIES,96,72.66,1.51,20,1.0,0.0,1.04,0.0,293.0,LANDELIES,59,12,9,59,8.57,0.028345418589321027,-1.9944268855183678,489.0
LANDEN,335,374.31,2.23,68,22.0,0.0,6.57,0.3,294.0,LANDEN,3448,1353,1305,3448,2581.24,0.15161502966381016,2.1976620883376783,48.0
LANDSKOUTER,99,97.585,1.97,22,4.0,1.0,4.04,2.02,0.0,LANDSKOUTER,74,22,18,74,14.44,0.04152933421226104,-1.257511163538685,359.0
LANGDORP,95,129.25,2.72,19,10.0,0.0,10.53,1.05,296.0,LANGDORP,220,72,98,220,56.87,0.03493737640079104,-0.13188912373293668,201.0
LE CAMPINAIRE,124,154.4,2.49,28,9.0,0.0,7.26,0.81,0.0,LE CAMPINAIRE,110,33,27,110,33.97,0.057350032959789056,-0.27486856406145954,224.0
LEBBEKE,140,223.34,3.19,28,15.0,2.0,10.71,2.86,298.0,LEBBEKE,401,68,54,401,179.12,0.06723796967699407,0.6716575635865593,118.0
LEDE,157,183.725,2.34,32,9.0,2.0,5.73,1.91,299.0,LEDE,1435,445,404,1435,527.29,0.0982201713909031,0.12730571129938323,166.0
LEIGNON,54,41.25,1.53,11,3.0,0.0,5.56,0.0,300.0,LEIGNON,45,22,8,45,3.71,0.00922874093605801,-1.6754579176668178,422.0
LEMAN,90,59.265,1.32,18,2.0,0.0,2.22,0.0,0.0,LEMAN,87,26,21,87,10.31,0.03823335530652604,-1.7415266144647628,440.0
LEMBEEK,132,187.725,2.84,27,11.0,2.0,8.33,2.27,302.0,LEMBEEK,601,201,133,601,225.65,0.07580751483190508,0.2259338991314294,155.0
LENS,99,101.525,2.05,20,4.0,0.0,4.04,1.01,303.0,LENS,177,46,28,177,35.94,0.06855636123928807,-0.9643914919842163,315.0
LEOPOLDSBURG,69,87.3,2.53,14,6.0,0.0,8.7,1.45,304.0,LEOPOLDSBURG,380,220,110,380,66.35,0.01977587343441002,-0.8341418691868996,296.0
LESSINES,93,149.99,3.23,19,9.0,0.0,9.68,1.08,305.0,LESSINES,629,174,134,629,188.69,0.03823335530652604,-0.20774462937838784,213.0
LEUVEN,918,887.84,1.93,189,47.0,4.0,5.12,0.87,306.0,LEUVEN,34688,13676,11375,34688,61594.79,0.4884640738299275,11.273472829019296,8.0
LEUZE,177,292.51,3.31,36,16.0,4.0,9.04,4.52,307.0,LEUZE,2087,392,409,2087,1220.94,0.061305207646671064,0.6810564829935619,115.0
LEVAL,84,51.925,1.24,18,4.0,0.0,4.76,0.0,308.0,LEVAL,138,47,33,138,14.33,0.02702702702702703,-1.4570996616165888,395.0
LIBRAMONT,216,192.44,1.78,44,9.0,2.0,4.17,2.31,309.0,LIBRAMONT,1995,905,1510,1995,767.84,0.10283454185893211,0.21970877833800218,156.0
LICHTERVELDE,265,496.625,3.75,54,20.0,6.0,7.55,4.91,310.0,LICHTERVELDE,3300,2096,2322,3300,3277.72,0.11931443638760712,1.9723006510871297,54.0
LIEDEKERKE,304,301.285,1.98,62,14.0,3.0,4.61,1.97,311.0,LIEDEKERKE,2143,727,679,2143,1291.31,0.16150296638101516,1.6036800568853566,64.0
LIEGE-CARRE,477,498.265,2.09,98,24.0,0.0,5.03,0.21,312.0,LIEGE-CARRE,1371,511,349,1371,1366.24,0.21357943309162822,3.5156532274270096,26.0
LIEGE-GUILLEMINS,902,1117.19,2.48,185,51.0,9.0,5.65,2.0,313.0,LIEGE-GUILLEMINS,17931,12964,11376,17931,40064.67,0.4021094264996704,10.232779328297877,10.0
LIEGE-SAINT-LAMBERT,439,411.39,1.87,90,14.0,0.0,3.19,0.0,314.0,LIEGE-SAINT-LAMBERT,2840,1463,1109,2840,2336.7,0.18127883981542517,2.5028803798109833,40.0
LIER,558,561.285,2.01,114,26.0,4.0,4.66,1.61,315.0,LIER,5724,2037,2092,5724,6425.59,0.1865524060646012,3.8586402485308136,21.0
LIERDE,129,102.765,1.59,27,4.0,0.0,3.1,0.78,316.0,LIERDE,469,98,96,469,96.39,0.04087013843111404,-1.267550879383101,361.0
LIERS,206,74.465,0.72,43,2.0,0.0,0.97,0.0,317.0,LIERS,266,111,71,266,39.62,0.10876730388925511,-0.6115725719531352,273.0
LIERS-FAISCEAU,68,-29.25,-0.86,15,0.0,0.0,0.0,0.0,0.0,LIERS-FAISCEAU,1000,300,250,1000,-58.5,0.05866842452208306,-2.222970449831406,514.0
LIGNY,89,51.425,1.16,20,1.0,0.0,1.12,1.12,318.0,LIGNY,159,32,24,159,16.35,0.04482531311799604,-1.8881406514552361,469.0
LILLOIS,272,270.15,1.99,55,14.0,1.0,5.15,0.74,319.0,LILLOIS,615,174,99,615,332.28,0.08569545154911008,0.6469890008100249,121.0
LIMAL,201,291.215,2.9,42,14.0,1.0,6.97,1.0,320.0,LIMAL,328,17,22,328,191.04,0.06855636123928807,0.4774387986843303,138.0
LINKEBEEK,277,276.075,1.99,56,10.0,2.0,3.61,1.44,321.0,LINKEBEEK,1086,363,276,1086,599.63,0.13447593935398813,0.9336274754074804,96.0
LISSEWEGE,84,54.26,1.29,17,0.0,0.0,0.0,0.0,322.0,LISSEWEGE,207,30,51,207,22.46,0.02043506921555702,-2.3601882120842825,523.0
LOBBES,97,37.59,0.78,20,1.0,0.0,1.03,0.0,323.0,LOBBES,126,38,41,126,9.47,0.025708635464733027,-2.0955495267266957,498.0
LODELINSART,93,63.775,1.37,21,2.0,0.0,2.15,1.08,324.0,LODELINSART,107,25,17,107,13.65,0.055372445616348055,-1.5490193060592305,402.0
LOKEREN,380,359.115,1.89,76,16.0,2.0,4.21,0.79,325.0,LOKEREN,5249,2318,1381,5249,3769.99,0.15622940013183917,2.0559009196090163,52.0
LOMMEL,72,163.36,4.54,15,12.0,1.0,16.67,2.78,326.0,LOMMEL,449,140,283,449,146.7,0.027686222808174028,0.8376264278448423,107.0
LONDERZEEL,166,156.025,1.88,34,8.0,1.0,4.82,1.2,327.0,LONDERZEEL,960,191,210,960,299.57,0.06723796967699407,-0.38129573326988647,244.0
LONZEE,100,98.24,1.96,20,6.0,0.0,6.0,0.0,328.0,LONZEE,148,22,11,148,29.08,0.02966381015161503,-1.0297446473288743,323.0
LOT,134,202.865,3.03,27,14.0,1.0,10.45,1.49,329.0,LOT,586,239,155,586,237.76,0.08701384311140409,0.7607727757086495,113.0
LOUVAIN-LA-NEUVE,101,37.45,0.74,21,1.0,0.0,0.99,0.0,330.0,LOUVAIN-LA-NEUVE,6237,2753,1495,6237,467.15,0.04284772577455504,-1.8892586554727497,470.0
LUSTIN,145,113.925,1.57,29,3.0,2.0,2.07,2.07,331.0,LUSTIN,392,183,173,392,89.32,0.06064601186552406,-1.1378928292423836,343.0
LUTTRE,269,272.01,2.02,55,14.0,2.0,5.2,1.12,332.0,LUTTRE,1994,520,433,1994,1084.78,0.11865524060646011,1.0138450065290157,94.0
MAFFLE,99,106.535,2.15,20,6.0,1.0,6.06,2.02,333.0,MAFFLE,167,41,30,167,35.58,0.044166117336849046,-0.8534854112165818,299.0
MALDEREN,97,114.135,2.35,20,6.0,0.0,6.19,1.03,334.0,MALDEREN,400,135,134,400,91.31,0.03098220171390903,-0.960663467269831,314.0
MANAGE,90,60.0,1.33,18,2.0,0.0,2.22,0.0,335.0,MANAGE,289,55,53,289,34.68,0.028345418589321027,-1.8430364943249025,460.0
MARBEHAN,144,165.185,2.29,30,6.0,1.0,4.17,1.39,336.0,MARBEHAN,555,343,898,555,183.36,0.053394858272907054,-0.7338982967692935,284.0
MARCHE-EN-FAMENNE,80,33.425,0.84,16,1.0,0.0,1.25,0.0,337.0,MARCHE-EN-FAMENNE,356,97,145,356,23.8,0.025049439683586024,-2.1566868210176007,506.0
MARCHE-LES-DAMES,90,63.99,1.42,18,2.0,0.0,2.22,0.0,338.0,MARCHE-LES-DAMES,64,6,11,64,8.19,0.026367831245880026,-1.8558842717360098,463.0
MARCHE-LEZ-ECAUSSINNES,89,63.765,1.43,18,2.0,0.0,2.25,0.0,0.0,MARCHE-LEZ-ECAUSSINNES,1000,300,250,1000,127.53,0.013843111404087014,-1.9839943326535041,487.0
MARCHIENNE-AU-PONT,368,308.425,1.68,75,14.0,2.0,3.8,1.09,340.0,MARCHIENNE-AU-PONT,1490,624,534,1490,919.11,0.14436387607119314,1.602724833723086,65.0
MARCHIENNE-ZONE,98,48.675,0.99,20,0.0,0.0,0.0,0.0,341.0,MARCHIENNE-ZONE,19,3,9,19,1.85,0.024390243902439025,-2.2620289968636067,517.0
MARIA-AALTER,85,41.89,0.99,17,2.0,0.0,2.35,0.0,342.0,MARIA-AALTER,205,70,55,205,17.17,0.045484508899143045,-1.7050226654834393,427.0
MARIEMBOURG,77,33.585,0.87,16,0.0,0.0,0.0,0.0,343.0,MARIEMBOURG,397,163,297,397,26.67,0.02702702702702703,-2.370740962054723,527.0
MARLOIE,206,211.46,2.05,43,8.0,2.0,3.88,1.46,344.0,MARLOIE,1527,825,1006,1527,645.8,0.09887936717205009,0.11532841990162643,167.0
MASNUY-SAINT-PIERRE,68,70.49,2.07,14,4.0,0.0,5.88,1.47,0.0,MASNUY-SAINT-PIERRE,68,20,17,68,9.59,0.01911667765326302,-1.3816542406141017,384.0
MAUBRAY,35,55.7,1.59,7,4.0,0.0,11.43,0.0,0.0,MAUBRAY,38,11,9,38,2.12,0.008569545154911009,-0.7101956977106382,281.0
MAZY,46,53.47,1.16,10,2.0,0.0,4.35,0.0,0.0,MAZY,62,18,15,62,3.32,0.005273566249176005,-1.9433116018529912,478.0
MECHELEN,887,1149.415,2.59,183,68.0,11.0,7.67,2.48,348.0,MECHELEN,21616,10321,9731,21616,49691.51,0.43704680290046144,11.24211278794571,9.0
MECHELEN-NEKKERSPOEL,227,226.835,2.0,46,13.0,2.0,5.73,1.32,349.0,MECHELEN-NEKKERSPOEL,2180,1117,855,2180,989.0,0.12524719841793014,0.8665493590411596,106.0
MEISER,333,464.36,2.79,68,24.0,3.0,7.21,1.8,350.0,MEISER,761,58,32,761,706.76,0.1806196440342782,2.7455177846265397,35.0
MELKOUWEN,90,117.75,2.62,19,6.0,2.0,6.67,3.33,351.0,MELKOUWEN,201,87,71,201,47.34,0.03889255108767304,-0.8211049622801225,294.0
MELLE,263,199.985,1.52,54,10.0,2.0,3.8,1.14,352.0,MELLE,898,201,164,898,359.17,0.13843111404087013,0.7656562140645448,111.0
MELREUX-HOTTON,80,53.01,1.33,16,2.0,0.0,2.5,0.0,353.0,MELREUX-HOTTON,334,81,165,334,35.41,0.025049439683586024,-1.893150214060106,471.0
MELSELE,140,130.8,1.87,28,4.0,0.0,2.86,0.71,0.0,MELSELE,191,57,47,191,49.97,0.06064601186552406,-0.9877180517462787,317.0
MENEN,104,151.215,2.91,21,8.0,2.0,7.69,3.85,355.0,MENEN,864,424,364,864,261.3,0.04284772577455504,-0.4506917195936861,251.0
MERCHTEM,140,221.335,3.16,28,15.0,2.0,10.71,2.86,356.0,MERCHTEM,799,180,179,799,353.69,0.05669083717864205,0.5617636479378134,126.0
MERELBEKE,271,201.75,1.49,56,10.0,2.0,3.69,1.48,357.0,MERELBEKE,828,214,149,828,334.1,0.12129202373104812,0.6090405282188721,122.0
MERODE,135,187.025,2.77,27,9.0,2.0,6.67,2.22,0.0,MERODE,404,121,101,404,151.12,0.06196440342781806,-0.20101634984357405,212.0
MERY,84,70.24,1.67,17,2.0,0.0,2.38,0.0,359.0,MERY,59,22,10,59,8.29,0.03955174686882004,-1.7053069612423457,428.0
MESSANCY,79,41.54,1.05,16,2.0,0.0,2.53,0.0,0.0,MESSANCY,82,24,20,82,6.81,0.02043506921555702,-1.9672180963942505,483.0
MEVERGNIES-ATTRE,99,100.39,2.03,20,5.0,1.0,5.05,2.02,0.0,MEVERGNIES-ATTRE,82,24,20,82,16.46,0.044166117336849046,-1.045559414769925,327.0
MILMORT,272,182.66,1.34,57,6.0,0.0,2.21,0.0,362.0,MILMORT,373,89,63,373,136.26,0.11865524060646011,0.27768850082327456,150.0
MOENSBERG,196,236.64,2.41,40,12.0,2.0,6.12,2.04,0.0,MOENSBERG,259,77,64,259,122.58,0.07514831905075807,0.25066216818281317,153.0
MOESKROEN,171,188.21,2.2,36,11.0,2.0,6.43,2.92,0.0,MOESKROEN,1000,300,250,1000,376.42,0.053394858272907054,-0.14537175458743357,206.0
MOL,149,227.61,3.06,30,15.0,2.0,10.07,2.01,364.0,MOL,2186,1450,1578,2186,995.11,0.07053394858272907,0.6720191468665291,117.0
MOLLEM,140,248.3,3.55,28,16.0,2.0,11.43,2.86,365.0,MOLLEM,280,73,66,280,139.05,0.06526038233355307,0.8311734962664542,108.0
MOMALLE,76,7.29,0.19,19,0.0,0.0,0.0,0.0,366.0,MOMALLE,111,14,14,111,1.62,0.03032300593276203,-2.3993135147433216,529.0
MONS,458,680.825,2.97,95,36.0,6.0,7.86,2.84,367.0,MONS,9820,3839,2498,9820,13371.4,0.22808174027686223,4.833619033113434,18.0
MONT-SAINT-GUIBERT,105,91.385,1.74,21,6.0,0.0,5.71,0.0,368.0,MONT-SAINT-GUIBERT,445,73,61,445,81.33,0.026367831245880026,-1.1040949018209822,337.0
MOORTSELE,106,84.275,1.59,22,4.0,1.0,3.77,1.89,369.0,MOORTSELE,157,26,21,157,26.46,0.053394858272907054,-1.174497696107144,350.0
MORLANWELZ,78,54.615,1.4,16,3.0,0.0,3.85,1.28,370.0,MORLANWELZ,288,47,27,288,31.46,0.025049439683586024,-1.6616729319040857,418.0
MORTSEL,303,301.81,1.99,62,13.0,1.0,4.29,0.66,371.0,MORTSEL,548,106,67,548,330.78,0.12722478576137114,1.1544744587259095,89.0
MORTSEL-LIERSESTEENWEG,133,124.14,1.87,27,6.0,0.0,4.51,0.0,373.0,MORTSEL-LIERSESTEENWEG,197,45,1,197,48.91,0.06855636123928807,-0.663049532042803,279.0
MORTSEL-OUDE GOD,70,79.285,2.27,16,3.0,1.0,4.29,2.86,0.0,MORTSEL-OUDE GOD,1157,347,289,1157,183.47,0.03955174686882004,-1.4129639435669987,389.0
MOUSTIER,121,169.425,2.8,27,12.0,1.0,9.92,1.65,376.0,MOUSTIER,183,48,36,183,62.01,0.05075807514831905,0.14366829442852957,163.0
MOUTERIJ,132,170.21,2.58,27,10.0,0.0,7.58,0.76,0.0,MOUTERIJ,271,81,67,271,92.25,0.05932762030323006,-0.12168358240611729,200.0
MUIZEN,113,144.84,2.56,24,9.0,2.0,7.96,2.65,377.0,MUIZEN,204,75,99,204,59.09,0.04614370468029005,-0.343858370119126,235.0
MUNKZWALM,95,117.05,2.46,24,6.0,2.0,6.32,5.26,378.0,MUNKZWALM,225,70,80,225,52.67,0.03823335530652604,-0.8663011552592093,303.0
NAMECHE,90,69.965,1.55,18,4.0,0.0,4.44,0.0,379.0,NAMECHE,122,10,15,122,17.07,0.02702702702702703,-1.4442402727294164,392.0
NAMUR,636,672.325,2.11,135,35.0,6.0,5.5,2.04,380.0,NAMUR,21768,8718,7657,21768,29270.34,0.2841133816743573,6.3497554925397965,17.0
NANINNE,105,76.05,1.45,21,2.0,0.0,1.9,0.0,381.0,NANINNE,179,55,27,179,27.23,0.03493737640079104,-1.7209550660711659,431.0
NATOYE,104,69.375,1.33,21,4.0,0.0,3.85,0.0,382.0,NATOYE,181,68,43,181,25.11,0.02702702702702703,-1.479858909059749,398.0
NEERPELT,68,106.45,3.13,14,8.0,0.0,11.76,1.47,383.0,NEERPELT,344,103,266,344,73.24,0.02966381015161503,-0.15369897326893905,208.0
NEERWINDEN,128,143.025,2.23,27,8.0,0.0,6.25,0.0,384.0,NEERWINDEN,186,70,52,186,53.21,0.03032300593276203,-0.7412350279128149,286.0
NESSONVAUX,140,143.04,2.04,30,10.0,0.0,7.14,0.71,385.0,NESSONVAUX,267,112,81,267,76.38,0.06723796967699407,-0.13635666379720657,204.0
NEUFCHATEAU,80,38.64,0.97,18,2.0,0.0,2.5,0.0,386.0,NEUFCHATEAU,95,47,29,95,7.34,0.017798286090969017,-2.0015629358174123,490.0
NEUFVILLES,68,71.965,2.12,14,4.0,0.0,5.88,0.0,0.0,NEUFVILLES,83,25,20,83,11.95,0.01120632827949901,-1.4614400213659628,396.0
NIEL,112,143.765,2.57,26,7.0,2.0,6.25,2.68,388.0,NIEL,285,51,50,285,81.95,0.05207646671061305,-0.5896471946244758,270.0
NIEUWKERKEN-WAAS,140,127.535,1.82,28,4.0,0.0,2.86,0.71,389.0,NIEUWKERKEN-WAAS,312,19,18,312,79.58,0.045484508899143045,-1.1532001428360392,346.0
NIJLEN,139,116.26,1.67,28,4.0,0.0,2.88,0.72,390.0,NIJLEN,623,249,234,623,144.86,0.049439683586025046,-1.1357702205061828,342.0
NIMY,75,67.4,1.8,15,3.0,0.0,4.0,0.0,391.0,NIMY,88,11,14,88,11.86,0.01977587343441002,-1.6781426187203536,423.0
NINOVE,169,202.36,2.39,34,10.0,2.0,5.92,2.37,392.0,NINOVE,1352,336,240,1352,547.18,0.05932762030323006,-0.14682054320188528,207.0
NIVELLES,330,359.89,2.18,67,18.0,1.0,5.45,0.61,393.0,NIVELLES,4866,1444,902,4866,3502.45,0.14765985497692816,1.9301140694175112,55.0
NOORDERKEMPEN,84,189.35,4.51,19,10.0,3.0,11.9,7.14,394.0,NOORDERKEMPEN,1237,605,481,1237,468.45,0.025049439683586024,0.09500029680177541,170.0
NOSSEGEM,139,253.135,3.64,28,16.0,2.0,11.51,3.6,395.0,NOSSEGEM,407,136,77,407,206.05,0.06987475280158208,0.9013690271446876,101.0
OBAIX-BUZET,85,48.74,1.15,17,2.0,0.0,2.35,0.0,0.0,OBAIX-BUZET,185,55,46,185,18.03,0.04218852999340804,-1.7246415050097412,434.0
OBOURG,80,53.25,1.33,16,2.0,0.0,2.5,0.0,0.0,OBOURG,77,23,19,77,8.2,0.03493737640079104,-1.7895948660757046,452.0
OKEGEM,145,211.285,2.91,29,10.0,2.0,6.9,2.76,398.0,OKEGEM,209,57,48,209,88.32,0.04680290046143705,-0.21896709905904263,218.0
OLEN,153,163.96,2.14,31,9.0,2.0,5.88,2.61,399.0,OLEN,598,177,235,598,196.1,0.07053394858272907,-0.21005986963533407,214.0
OOSTENDE,132,63.365,0.96,28,1.0,0.0,0.76,0.0,400.0,OOSTENDE,7017,6642,6304,7017,889.26,0.0955833882663151,-1.1527901546298678,345.0
OOSTKAMP,85,40.74,0.96,17,2.0,0.0,2.35,0.0,401.0,OOSTKAMP,195,45,71,195,15.89,0.03361898483849703,-1.8321961777467608,459.0
OPWIJK,140,218.035,3.11,28,13.0,2.0,9.29,2.86,402.0,OPWIJK,1101,410,302,1101,480.11,0.05207646671061305,0.2595476759391866,152.0
OTTIGNIES,692,824.915,2.38,145,42.0,7.0,6.07,2.02,403.0,OTTIGNIES,23508,9202,8424,23508,38784.2,0.3150955833882663,7.6737861775102605,13.0
OUD-HEVERLEE,139,74.065,1.07,28,2.0,0.0,1.44,0.72,404.0,OUD-HEVERLEE,130,14,16,130,19.26,0.04087013843111404,-1.5756647550030163,406.0
OUDEGEM,77,46.46,1.21,16,2.0,0.0,2.6,0.0,0.0,OUDEGEM,153,46,38,153,14.22,0.03295978905735003,-1.822275994570547,458.0
OUDENAARDE,348,203.51,1.17,73,8.0,3.0,2.3,1.72,406.0,OUDENAARDE,3814,1027,722,3814,1552.37,0.13249835201054713,0.9042136396015583,99.0
OUGREE,133,51.465,0.77,27,0.0,0.0,0.0,0.0,407.0,OUGREE,65,31,21,65,6.69,0.034278180619644036,-1.978315161262217,484.0
OVERPELT,72,157.025,4.36,15,12.0,2.0,16.67,4.17,408.0,OVERPELT,248,71,146,248,77.88,0.03493737640079104,0.8978624825409239,103.0
PALISEUL,75,20.815,0.56,15,0.0,0.0,0.0,0.0,409.0,PALISEUL,65,26,51,65,2.71,0.02900461437046803,-2.388525964640881,528.0
PAPIGNIES,93,136.29,2.93,19,8.0,1.0,8.6,2.15,410.0,PAPIGNIES,110,21,13,110,29.98,0.04614370468029005,-0.34980058671423847,237.0
PECROT,140,93.71,1.34,28,2.0,1.0,1.43,1.43,411.0,PECROT,229,19,21,229,42.92,0.05932762030323006,-1.334959825029175,375.0
PEPINSTER,272,326.09,2.4,57,20.0,2.0,7.35,1.1,412.0,PEPINSTER,1799,385,375,1799,1173.27,0.10810810810810811,1.4178762337858715,71.0
PEPINSTER-CITE,69,71.325,2.07,14,6.0,0.0,8.7,0.0,413.0,PEPINSTER-CITE,55,16,18,55,7.85,0.014502307185234015,-0.9262098839376274,309.0
PERUWELZ,109,51.45,0.94,22,3.0,0.0,2.75,0.92,414.0,PERUWELZ,784,235,150,784,80.67,0.045484508899143045,-1.4926385940422364,399.0
PHILIPPEVILLE,76,46.135,1.21,16,2.0,0.0,2.63,0.0,415.0,PHILIPPEVILLE,372,59,82,372,34.32,0.028345418589321027,-1.8705156623886958,466.0
PIETON,79,52.76,1.34,16,2.0,0.0,2.53,1.27,416.0,PIETON,130,33,14,130,13.72,0.025049439683586024,-1.8940220001146393,472.0
POIX-SAINT-HUBERT,52,43.11,1.66,11,2.0,0.0,3.85,0.0,417.0,POIX-SAINT-HUBERT,21,30,37,21,1.81,0.015161502966381015,-1.920538621200385,474.0
PONT-A-CELLES,80,42.435,1.06,16,2.0,0.0,2.5,1.25,418.0,PONT-A-CELLES,112,25,10,112,9.51,0.01911667765326302,-1.9793558439402021,485.0
PONT-DE-SERAING,90,59.26,1.32,18,1.0,0.0,1.11,0.0,419.0,PONT-DE-SERAING,239,17,27,239,28.33,0.03361898483849703,-1.9851546816071008,488.0
POPERINGE,48,24.64,1.03,10,0.0,0.0,0.0,0.0,420.0,POPERINGE,564,309,593,564,27.79,0.03164139749505603,-2.4856501485177427,536.0
POULSEUR,169,188.275,2.23,34,8.0,1.0,4.73,1.18,421.0,POULSEUR,196,92,82,196,73.8,0.06921555702043507,-0.2978279135457663,227.0
PROFONDSART,69,156.985,4.55,14,10.0,1.0,14.49,2.9,422.0,PROFONDSART,202,112,120,202,63.42,0.03955174686882004,0.5465803698218713,127.0
PRY,41,18.665,0.91,9,0.0,0.0,0.0,0.0,0.0,PRY,59,17,14,59,2.2,0.007910349373764008,-2.7834477797775685,552.0
PUURS,166,188.8,2.27,36,12.0,2.0,7.23,1.81,424.0,PUURS,1516,534,447,1516,572.44,0.07185234014502308,0.17192281213689375,161.0
QUAREGNON,206,254.575,2.47,42,15.0,2.0,7.28,2.43,425.0,QUAREGNON,533,211,144,533,271.38,0.07317073170731707,0.5276961737443595,129.0
QUEVY,41,15.95,0.78,9,0.0,0.0,0.0,0.0,0.0,QUEVY,148,44,37,148,4.72,0.02043506921555702,-2.657761333244763,546.0
QUIEVRAIN,44,20.425,0.93,9,0.0,0.0,0.0,0.0,427.0,QUIEVRAIN,403,165,183,403,16.46,0.03098220171390903,-2.5219701270720423,539.0
REBAIX,93,136.76,2.94,19,8.0,1.0,8.6,2.15,428.0,REBAIX,106,19,12,106,28.99,0.04284772577455504,-0.3834201752489382,245.0
REMICOURT,91,32.35,0.71,19,0.0,0.0,0.0,0.0,429.0,REMICOURT,149,39,28,149,9.64,0.03625576796308504,-2.2075786208994588,512.0
RHISNES,100,73.86,1.48,20,6.0,0.0,6.0,0.0,430.0,RHISNES,234,40,34,234,34.57,0.032300593276203035,-1.055173667284,329.0
RIVAGE,164,173.51,2.12,33,8.0,1.0,4.88,1.22,431.0,RIVAGE,164,53,63,164,56.91,0.06262359920896507,-0.3982007123163738,247.0
RIXENSART,134,278.71,4.16,27,17.0,3.0,12.69,4.48,432.0,RIXENSART,1438,366,365,1438,801.57,0.06723796967699407,1.1307645709781402,90.0
ROCHEFORT-JEMELLE,146,184.34,2.53,31,10.0,2.0,6.85,3.42,433.0,ROCHEFORT-JEMELLE,647,277,402,647,238.54,0.06921555702043507,-0.041791567927214376,188.0
ROESELARE,171,357.19,4.18,36,12.0,4.0,7.02,4.68,434.0,ROESELARE,2787,882,1120,2787,1990.98,0.06328279499011207,0.4805196432591391,136.0
RONET,115,118.94,2.07,26,7.0,1.0,6.09,1.74,435.0,RONET,47,8,8,47,11.18,0.03889255108767304,-0.7978366679489337,289.0
RONSE,54,21.685,0.8,11,0.0,0.0,0.0,0.0,0.0,RONSE,1160,348,290,1160,50.31,0.03625576796308504,-2.4132030065932804,530.0
ROUX,70,33.765,0.96,14,0.0,0.0,0.0,0.0,437.0,ROUX,134,32,16,134,9.05,0.03889255108767304,-2.2809811369835877,518.0
RUISBROEK,134,215.715,3.22,27,15.0,1.0,11.19,1.49,439.0,RUISBROEK,729,247,200,729,314.51,0.08635464733025709,0.9147142918125943,97.0
RUISBROEK-SAUVEGARDE,118,143.235,2.43,27,8.0,0.0,6.78,0.85,0.0,RUISBROEK-SAUVEGARDE,162,48,40,162,46.41,0.05273566249176005,-0.4617498059151642,256.0
SAINT-DENIS-BOVESSE,100,84.91,1.7,20,6.0,0.0,6.0,0.0,0.0,SAINT-DENIS-BOVESSE,191,57,47,191,32.44,0.02966381015161503,-1.0587791657798933,330.0
SAINT-GHISLAIN,275,315.665,2.3,56,18.0,4.0,6.55,3.27,0.0,SAINT-GHISLAIN,1821,546,455,1821,1149.65,0.1034937376400791,1.219753045613859,80.0
SART-BERNARD,103,76.775,1.49,21,2.0,0.0,1.94,0.0,440.0,SART-BERNARD,122,44,27,122,18.73,0.02043506921555702,-1.8748105647207336,467.0
SCHAARBEEK,429,544.96,2.54,88,34.0,4.0,7.93,1.86,0.0,SCHAARBEEK,3073,921,768,3073,3349.32,0.18127883981542517,3.6114293841684053,25.0
SCHAARBEEK-JOSAPHAT,1,13.18,13.18,1,1.0,0.0,100.0,0.0,0.0,SCHAARBEEK-JOSAPHAT,1000,300,250,1000,13.18,0.0,14.553713144606604,4.0
SCHELDEWINDEKE,110,101.1,1.84,23,4.0,2.0,3.64,2.73,442.0,SCHELDEWINDEKE,366,70,74,366,74.01,0.032300593276203035,-1.3609155107939814,378.0
SCHELLE,128,143.485,2.24,27,7.0,2.0,5.47,2.34,443.0,SCHELLE,262,51,33,262,75.19,0.07778510217534608,-0.37859811364003415,243.0
SCHELLEBELLE,163,129.4,1.59,35,6.0,0.0,3.68,0.61,444.0,SCHELLEBELLE,560,102,84,560,144.93,0.1041529334212261,-0.27230945278517193,223.0
SCHENDELBEKE,155,209.49,2.7,31,10.0,2.0,6.45,2.58,445.0,SCHENDELBEKE,238,58,46,238,99.72,0.05603164139749506,-0.15535022228730544,209.0
SCHOONAARDE,78,47.51,1.22,16,2.0,0.0,2.56,0.0,446.0,SCHOONAARDE,257,126,136,257,24.42,0.05207646671061305,-1.6209862496136846,412.0
SCHULEN,95,80.59,1.7,19,6.0,0.0,6.32,1.05,447.0,SCHULEN,242,106,186,242,39.01,0.03823335530652604,-0.946404795525192,313.0
SCLAIGNEAUX,90,59.965,1.33,18,2.0,0.0,2.22,0.0,448.0,SCLAIGNEAUX,93,10,12,93,11.15,0.027686222808174028,-1.8507457923608428,461.0
SCLESSIN,90,59.26,1.32,18,1.0,0.0,1.11,0.0,0.0,SCLESSIN,63,19,15,63,7.47,0.026367831245880026,-2.0619410550725767,497.0
SERAING,135,49.865,0.74,27,0.0,0.0,0.0,0.0,450.0,SERAING,294,89,77,294,29.32,0.03032300593276203,-2.0127494564272834,493.0
SERSKAMP,84,110.76,2.64,18,6.0,0.0,7.14,1.19,451.0,SERSKAMP,205,53,52,205,45.41,0.04878048780487805,-0.6794909953617616,280.0
SILLY,169,329.79,3.9,35,18.0,5.0,10.65,5.92,452.0,SILLY,1119,199,188,1119,738.07,0.05603164139749506,0.9367595265694981,95.0
SIMONIS,70,114.775,3.28,14,9.0,0.0,12.86,1.43,453.0,SIMONIS,99,40,40,99,22.73,0.02966381015161503,0.06682905186822094,172.0
SINAAI,140,124.625,1.78,28,3.0,0.0,2.14,0.71,454.0,SINAAI,433,69,72,433,107.93,0.04878048780487805,-1.2510271935643285,358.0
SINT-AGATHA-BERCHEM,155,67.465,0.87,31,2.0,0.0,1.29,0.0,0.0,SINT-AGATHA-BERCHEM,666,200,166,666,89.86,0.07251153592617007,-1.2027155439829207,353.0
SINT-DENIJS-BOEKEL,97,116.69,2.41,24,7.0,2.0,7.22,5.15,0.0,SINT-DENIJS-BOEKEL,131,39,32,131,30.57,0.02241265655899802,-0.8653221192310074,301.0
SINT-GENESIUS-RODE,278,303.265,2.18,56,14.0,2.0,5.04,1.44,0.0,SINT-GENESIUS-RODE,1690,507,422,1690,1025.04,0.11931443638760712,1.1037187014887087,92.0
SINT-GILLIS(DENDERMONDE),140,215.46,3.08,28,14.0,2.0,10.0,2.86,0.0,SINT-GILLIS(DENDERMONDE),1000,300,250,1000,430.92,0.05669083717864205,0.42607554610958553,142.0
SINT-JOB,335,298.815,1.78,68,14.0,2.0,4.18,1.49,0.0,SINT-JOB,670,201,167,670,400.41,0.15557020435069216,1.5870775943509572,66.0
SINT-JORIS-WEERT,140,83.975,1.2,28,2.0,1.0,1.43,1.43,0.0,SINT-JORIS-WEERT,312,93,78,312,52.4,0.057350032959789056,-1.3767223482988862,383.0
SINT-KATELIJNE-WAVER,139,102.015,1.47,28,6.0,0.0,4.32,0.0,0.0,SINT-KATELIJNE-WAVER,736,220,184,736,150.17,0.1008569545154911,-0.37284351312672454,242.0
SINT-MARIABURG,133,194.125,2.92,28,12.0,1.0,9.02,1.5,0.0,SINT-MARIABURG,216,64,54,216,83.86,0.08965062623599208,0.5076491536487117,132.0
SINT-MARTENS-BODEGEM,155,103.325,1.33,31,2.0,0.0,1.29,0.0,0.0,SINT-MARTENS-BODEGEM,376,112,94,376,77.7,0.08239947264337508,-1.0208506650198401,320.0
SINT-NIKLAAS,403,259.615,1.29,81,12.0,2.0,2.98,0.74,0.0,SINT-NIKLAAS,10956,3287,2739,10956,5688.68,0.1872116018457482,2.1189052396435164,50.0
SINT-TRUIDEN,133,142.215,2.14,27,8.0,0.0,6.02,0.0,0.0,SINT-TRUIDEN,1684,505,421,1684,478.98,0.06723796967699407,-0.358205492061216,238.0
SLEIDINGE,90,56.46,1.25,18,3.0,0.0,3.33,0.0,455.0,SLEIDINGE,269,62,42,269,30.38,0.037574159525379035,-1.558279364037683,404.0
SOIGNIES,244,338.59,2.78,50,21.0,2.0,8.61,1.23,456.0,SOIGNIES,2371,674,548,2371,1605.59,0.07382992748846408,1.1814615929256187,85.0
SOLRE-SUR-SAMBRE,100,72.25,1.44,21,0.0,0.0,0.0,0.0,457.0,SOLRE-SUR-SAMBRE,77,30,26,77,11.13,0.024390243902439025,-2.200299508333705,511.0
SPA,69,39.935,1.16,14,2.0,0.0,2.9,0.0,458.0,SPA,414,207,153,414,33.07,0.015820698747528016,-2.002771484425551,492.0
SPA-GERONSTERE,39,14.21,0.73,8,0.0,0.0,0.0,0.0,459.0,SPA-GERONSTERE,382,172,124,382,10.86,0.008569545154911009,-2.795921790929194,553.0
STATTE,163,165.54,2.03,33,10.0,2.0,6.13,1.84,472.0,STATTE,396,275,220,396,131.11,0.06855636123928807,-0.13565485284961526,203.0
STOCKEM,80,39.015,0.98,18,0.0,0.0,0.0,0.0,473.0,STOCKEM,26,6,10,26,2.03,0.01911667765326302,-2.427814579279065,532.0
STOUMONT,10,1.05,0.1,2,1.0,0.0,10.0,0.0,0.0,STOUMONT,1000,300,250,1000,1.05,0.0,-1.2958094260921684,372.0
SY,84,69.05,1.64,17,2.0,0.0,2.38,0.0,474.0,SY,49,12,12,49,6.77,0.03295978905735003,-1.7771878807226864,449.0
TAMINES,267,329.55,2.47,60,21.0,2.0,7.87,1.87,475.0,TAMINES,1606,364,365,1606,1058.51,0.1114040870138431,1.5234710915739746,68.0
TEMSE,105,187.975,3.58,23,12.0,1.0,11.43,1.9,476.0,TEMSE,674,237,201,674,253.39,0.023071852340145024,0.08604965450189804,171.0
TERHAGEN,137,224.86,3.28,28,11.0,4.0,8.03,5.84,0.0,TERHAGEN,156,47,39,156,70.16,0.06789716545814106,0.19124412951566702,160.0
TERNAT,154,73.49,0.95,31,2.0,0.0,1.3,0.0,478.0,TERNAT,984,241,176,984,144.63,0.07910349373764008,-1.121858708186566,340.0
TESTELT,92,127.75,2.78,19,10.0,0.0,10.87,1.09,479.0,TESTELT,335,72,98,335,85.59,0.04482531311799604,0.01461074052457853,178.0
THEUX,69,57.785,1.67,14,1.0,0.0,1.45,0.0,480.0,THEUX,141,55,38,141,16.3,0.013843111404087014,-2.240671616524663,515.0
THIEU,80,55.785,1.39,16,4.0,0.0,5.0,0.0,481.0,THIEU,99,19,25,99,11.05,0.024390243902439025,-1.453984606315316,393.0
THUIN,96,68.04,1.42,20,2.0,0.0,2.08,0.0,482.0,THUIN,259,61,54,259,35.24,0.03691496374423204,-1.730361284566646,435.0
THULIN,83,109.71,2.64,17,6.0,0.0,7.23,0.0,483.0,THULIN,127,53,52,127,27.87,0.034278180619644036,-0.8237230181742583,295.0
THURN EN TAXIS,70,130.95,3.74,14,10.0,0.0,14.29,1.43,0.0,THURN EN TAXIS,112,33,28,112,29.33,0.025708635464733027,0.3129554013786214,148.0
TIELEN,129,147.475,2.29,27,8.0,2.0,6.2,3.1,484.0,TIELEN,675,327,441,675,199.09,0.05273566249176005,-0.49556926254095496,261.0
TIELT,101,185.61,3.68,22,8.0,2.0,7.92,3.96,485.0,TIELT,956,397,514,956,354.89,0.04284772577455504,-0.34702371916658753,236.0
TIENEN,350,507.985,2.9,72,36.0,0.0,10.29,0.29,486.0,TIENEN,3963,1692,1135,3963,4026.29,0.15029663810151614,3.2498148465716414,29.0
TILFF,84,68.71,1.64,17,3.0,0.0,3.57,0.0,487.0,TILFF,124,27,41,124,17.04,0.03823335530652604,-1.5124333312824276,401.0
TILLY,89,55.7,1.25,20,2.0,0.0,2.25,0.0,488.0,TILLY,200,28,24,200,22.28,0.05009887936717205,-1.6240079818515227,413.0
TOLLEMBEEK,142,252.535,3.56,29,15.0,4.0,10.56,5.63,489.0,TOLLEMBEEK,258,58,58,258,130.31,0.04878048780487805,0.523618670323002,131.0
TONGEREN,119,69.925,1.18,25,2.0,0.0,1.68,0.0,490.0,TONGEREN,680,175,191,680,95.1,0.05669083717864205,-1.4731633334187884,397.0
TORHOUT,175,341.185,3.9,36,12.0,4.0,6.86,4.57,491.0,TORHOUT,1757,364,397,1757,1198.92,0.06196440342781806,0.3994445057866176,143.0
TOURNAI,279,368.4,2.64,58,20.0,5.0,7.17,3.58,493.0,TOURNAI,6316,2478,2089,6316,4653.63,0.12854317732366513,1.8328963914852399,58.0
TROIS-PONTS,75,82.1,2.19,15,5.0,1.0,6.67,2.67,494.0,TROIS-PONTS,154,113,213,154,25.29,0.032300593276203035,-1.0433331536400317,325.0
TROOZ,140,151.55,2.16,29,9.0,0.0,6.43,0.71,495.0,TROOZ,119,44,37,119,36.07,0.07712590639419907,-0.14029552721226685,205.0
TUBIZE,224,329.035,2.94,46,20.0,4.0,8.93,3.12,496.0,TUBIZE,2642,1376,971,2642,1738.62,0.09096901779828609,1.301802525957651,75.0
TURNHOUT,68,25.65,0.75,14,1.0,0.0,1.47,1.47,497.0,TURNHOUT,1581,594,1101,1581,81.11,0.03032300593276203,-2.137305510932646,501.0
UKKEL-KALEVOET,144,157.335,2.19,29,7.0,2.0,4.86,2.08,0.0,UKKEL-KALEVOET,883,265,220,883,277.85,0.057350032959789056,-0.585017926036549,269.0
UKKEL-STALLE,70,86.29,2.47,14,4.0,0.0,5.71,1.43,0.0,UKKEL-STALLE,327,98,81,327,56.43,0.049439683586025046,-1.047281266204259,328.0
VELTEM,124,195.535,3.15,27,14.0,2.0,11.29,4.03,500.0,VELTEM,339,92,90,339,132.57,0.04284772577455504,0.37620114524210163,145.0
VERTRIJK,133,182.9,2.75,28,11.0,0.0,8.27,0.0,501.0,VERTRIJK,496,154,139,496,181.44,0.057350032959789056,0.014581818721600512,179.0
VERVIERS-CENTRAL,272,352.44,2.59,57,21.0,2.0,7.72,1.84,502.0,VERVIERS-CENTRAL,4202,2640,2642,4202,2961.91,0.11535926170072512,1.670784463714946,63.0
VERVIERS-PALAIS,88,158.085,3.59,18,10.0,1.0,11.36,2.27,503.0,VERVIERS-PALAIS,8,24,20,8,2.53,0.03625576796308504,0.05495297236637689,173.0
VEURNE,85,63.635,1.5,17,2.0,0.0,2.35,1.18,504.0,VEURNE,506,212,400,506,64.4,0.03691496374423204,-1.7460742961803664,442.0
VIANE-MOERBEKE,142,290.585,4.09,29,18.0,4.0,12.68,6.34,505.0,VIANE-MOERBEKE,429,68,66,429,249.32,0.06196440342781806,1.1226046972310324,91.0
VICHTE,94,121.71,2.59,24,5.0,2.0,5.32,3.19,0.0,VICHTE,236,70,59,236,57.45,0.014502307185234015,-1.286477931360872,367.0
VIELSALM,75,98.175,2.62,15,6.0,1.0,8.0,2.67,507.0,VIELSALM,219,114,173,219,43.0,0.023071852340145024,-0.8701080079550042,305.0
VIJFHUIZEN,53,22.02,0.42,11,0.0,0.0,0.0,0.0,0.0,VIJFHUIZEN,44,13,11,44,0.97,0.005273566249176005,-2.744318975483976,550.0
VILLE-POMMEROEUL,40,84.73,2.12,8,5.0,1.0,12.5,2.5,0.0,VILLE-POMMEROEUL,1000,300,250,1000,84.73,0.003955174686882004,-0.47927008267580895,259.0
VILLERS-LA-VILLE,89,51.56,1.16,20,2.0,0.0,2.25,0.0,510.0,VILLERS-LA-VILLE,274,47,52,274,28.25,0.04680290046143705,-1.6674939657447683,420.0
VILVOORDE,530,558.85,2.11,108,28.0,1.0,5.28,0.38,511.0,VILVOORDE,6196,2249,1671,6196,6925.27,0.2794990112063283,4.814996019936816,19.0
VIRTON,84,69.55,1.66,17,4.0,0.0,4.76,0.0,512.0,VIRTON,353,85,206,353,49.1,0.032300593276203035,-1.3621406077637845,379.0
VISE,105,88.025,1.68,21,4.0,2.0,3.81,2.86,513.0,VISE,821,242,201,821,144.54,0.03164139749505603,-1.3891221253299488,385.0
VIVILLE,80,38.325,0.96,18,0.0,0.0,0.0,0.0,515.0,VIVILLE,30,13,16,30,2.3,0.01911667765326302,-2.429314594790416,533.0
VOROUX,90,18.865,0.42,18,0.0,0.0,0.0,0.0,0.0,VOROUX,107,32,26,107,4.04,0.05009887936717205,-2.096791037375859,499.0
VORST-OOST,139,170.8,2.46,28,8.0,2.0,5.76,2.16,0.0,VORST-OOST,508,152,127,508,173.53,0.07712590639419907,-0.21715966474837742,217.0
VORST-ZUID,134,210.025,3.13,27,14.0,1.0,10.45,1.49,0.0,VORST-ZUID,304,91,76,304,127.7,0.08569545154911008,0.7592576823038035,114.0
WAARSCHOOT,73,49.265,1.35,18,2.0,0.0,2.74,0.0,517.0,WAARSCHOOT,263,71,87,263,25.91,0.021753460777851022,-1.928650181325558,476.0
WALCOURT,95,62.05,1.31,20,2.0,0.0,2.11,0.0,518.0,WALCOURT,282,97,111,282,35.0,0.034278180619644036,-1.7708261234843823,447.0
WAREGEM,181,179.4,1.98,37,10.0,1.0,5.52,1.1,519.0,WAREGEM,2473,933,942,2473,887.31,0.06657877389584707,-0.12158803626261923,199.0
WAREMME,177,144.815,1.64,36,6.0,0.0,3.39,0.56,520.0,WAREMME,2283,522,347,2283,661.23,0.06262359920896507,-0.6409059395465814,277.0
WATERLOO,276,314.39,2.28,56,16.0,1.0,5.8,0.72,521.0,WATERLOO,2212,791,516,2212,1390.86,0.11206328279499012,1.1869757344604384,84.0
WATERMAAL,131,191.525,2.92,27,15.0,2.0,11.45,2.29,0.0,WATERMAAL,208,62,52,208,79.67,0.06657877389584707,0.6780164064747084,116.0
WAVRE,232,123.575,1.07,48,4.0,0.0,1.72,0.43,523.0,WAVRE,962,170,220,962,237.76,0.0903098220171391,-0.43091181675860973,249.0
WEERDE,273,293.665,2.15,56,16.0,0.0,5.86,0.0,524.0,WEERDE,719,108,108,719,422.29,0.13909030982201714,1.392031949903271,73.0
WELKENRAEDT,175,219.035,2.5,36,13.0,2.0,7.43,1.71,525.0,WELKENRAEDT,1755,1430,1004,1755,768.81,0.07778510217534608,0.386144760848404,144.0
WELLE,134,206.85,3.09,28,10.0,4.0,7.46,6.72,0.0,WELLE,90,27,22,90,37.23,0.07844429795649308,0.14628639040826247,162.0
WERVIK,104,176.485,3.39,21,9.0,2.0,8.65,4.81,527.0,WERVIK,719,304,280,719,253.79,0.03955174686882004,-0.2610506246879012,221.0
WESPELAAR-TILDONK,188,221.765,2.36,39,12.0,2.0,6.38,2.13,528.0,WESPELAAR-TILDONK,526,151,146,526,233.3,0.055372445616348055,0.019939780133187923,176.0
WETTEREN,300,238.285,1.59,61,10.0,2.0,3.33,1.33,529.0,WETTEREN,2535,930,827,2535,1208.1,0.15754779169413316,1.1764195776118005,87.0
WEVELGEM,104,171.035,3.29,21,8.0,2.0,7.69,2.88,530.0,WEVELGEM,458,175,192,458,156.67,0.05009887936717205,-0.3343674378963603,233.0
WEZEMAAL,222,247.95,2.23,48,14.0,0.0,6.31,0.45,531.0,WEZEMAAL,739,301,245,739,366.47,0.07778510217534608,0.4729007477971683,139.0
WICHELEN,78,46.625,1.2,16,2.0,0.0,2.56,0.0,0.0,WICHELEN,206,61,51,206,19.21,0.051417270929466054,-1.630001103054642,414.0
WIJGMAAL,188,192.5,2.05,39,11.0,2.0,5.85,1.6,533.0,WIJGMAAL,640,126,115,640,246.4,0.06196440342781806,-0.06783737223458683,192.0
WILDERT,134,189.825,2.83,28,11.0,1.0,8.21,1.49,534.0,WILDERT,283,131,137,283,107.44,0.044166117336849046,-0.11659876354130054,198.0
WILLEBROEK,106,171.475,3.24,22,9.0,2.0,8.49,4.72,535.0,WILLEBROEK,608,230,212,608,208.51,0.03295978905735003,-0.36088778349151707,240.0
WOLFSTEE,64,59.6,1.86,13,2.0,0.0,3.12,1.56,0.0,WOLFSTEE,117,35,29,117,13.95,0.03098220171390903,-1.7871430747191799,451.0
WONDELGEM,90,68.21,1.52,18,4.0,0.0,4.44,0.0,537.0,WONDELGEM,185,65,25,185,25.24,0.032300593276203035,-1.3924426640733703,386.0
YVES-GOMEZEE,81,58.315,1.44,17,3.0,0.0,3.7,0.0,538.0,YVES-GOMEZEE,48,19,16,48,5.6,0.026367831245880026,-1.6520824278976651,416.0
YVOIR,145,101.45,1.4,29,2.0,0.0,1.38,0.69,539.0,YVOIR,728,627,536,728,147.71,0.05471324983520105,-1.3473593621219304,376.0
ZANDBERGEN,155,204.565,2.64,31,11.0,2.0,7.1,2.58,540.0,ZANDBERGEN,193,55,42,193,78.96,0.061305207646671064,0.003243507770769191,180.0
ZAVENTEM,276,423.76,3.07,56,26.0,3.0,9.42,2.17,541.0,ZAVENTEM,1538,423,395,1538,1303.49,0.11404087013843112,2.0823830945299195,51.0
ZEDELGEM,139,307.44,4.42,29,11.0,4.0,7.91,5.76,542.0,ZEDELGEM,599,123,139,599,368.31,0.05273566249176005,0.21025697273392358,157.0
ZEEBRUGGE-DORP,40,24.315,1.22,8,0.0,0.0,0.0,0.0,0.0,ZEEBRUGGE-DORP,277,83,69,277,13.47,0.015161502966381015,-2.6995616709206667,548.0
ZELE,125,83.365,1.33,25,2.0,0.0,1.6,0.8,545.0,ZELE,940,173,147,940,156.73,0.03889255108767304,-1.6132021046216596,410.0
ZELLIK,140,254.025,3.63,28,16.0,2.0,11.43,2.86,546.0,ZELLIK,541,134,95,541,274.86,0.07053394858272907,0.9031685181959138,100.0
ZICHEM,95,130.375,2.74,19,10.0,0.0,10.53,1.05,547.0,ZICHEM,293,94,76,293,76.4,0.03823335530652604,-0.09422434152941364,195.0
ZINGEM,140,83.56,1.19,28,3.0,0.0,2.14,0.71,548.0,ZINGEM,523,98,86,523,87.4,0.05669083717864205,-1.2583223653802067,360.0
ZOLDER,69,74.125,2.15,14,4.0,0.0,5.8,1.45,549.0,ZOLDER,123,38,37,123,18.23,0.034278180619644036,-1.2233539796191346,355.0
ZONHOVEN,69,72.265,2.09,14,5.0,0.0,7.25,1.45,550.0,ZONHOVEN,67,29,19,67,9.68,0.02043506921555702,-1.117429110471115,339.0
ZOTTEGEM,375,324.35,1.73,78,16.0,4.0,4.27,2.13,551.0,ZOTTEGEM,4936,986,931,4936,3201.98,0.14370468029004616,1.8170201662439098,59.0
ZWIJNDRECHT,140,128.725,1.84,28,4.0,0.0,2.86,0.0,552.0,ZWIJNDRECHT,401,43,44,401,103.24,0.05273566249176005,-1.0737283321413646,335.0
