station_id,name,alternative-fr,alternative-nl,alternative-de,alternative-en,country-code,longitude,latitude,avg_stop_times,official_transfer_time
8101003,Wien Hbf,,,,,at,16.375864,48.184923,0,0
8734201,Arras,,,,,fr,2.78169,50.28683,0.014925,120
8015345,Aachen Hbf,Aix-la-Chapelle Hbf,Aken Hbf,,,de,6.105275,50.770832,30.268657,300
8895000,Aalst,Alost,,,,be,4.039653,50.942813,157.425373,300
8895125,Aalst-Kerrebroek,Alost Kerrebroek,,,,be,4.024407,50.948377,7.731343,300
8891140,Aalter,,,,,be,3.447848,51.092295,188.276119,240
8833209,Aarschot,,,,,be,4.824043,50.984406,171.664179,240
8892288,Aarsele,,,,,be,3.418363,50.98446,37.365672,300
8886546,Acren,,Akren,,,be,3.847086,50.733095,37.567164,300
8778127,Agde,,,,,fr,3.4658,43.317498,0,
8774176,Aime-la-Plagne,,,,,fr,6.648394,45.554202,0,
8874583,Aiseau,,,,,be,4.584552,50.429529,113.462687,300
8731901,Aix-en-Provence TGV,,,,,fr,5.433333,43.53333,0.029851,300
8774164,Albertville,,,,,fr,6.383617,45.673624,0,
8831039,Alken,,,,,be,5.292866,50.886837,39.156716,300
8843331,Amay,,,,,be,5.32049,50.546011,90.41791,300
8843323,Ampsin,,,,,be,5.289729,50.539215,90.41791,300
8400058,Amsterdam CS,,,,,nl,4.916667,52.35,26.216418,300
8863404,Andenne,,,,,be,5.094699,50.496759,88.313433,300
8842002,Angleur,,,,,be,5.599695,50.613152,139.679104,300
8728685,Annappes,,,,,fr,3.15,50.633333,3.477612,300
8841202,Ans,,,,,be,5.509704,50.661208,115.261194,300
8863818,Anseremme,,,,,be,4.90553,50.238023,27.268657,300
8775767,Antibes,,,,,fr,7.1201361,43.586618,0.014925,300
8885522,Antoing,,,,,be,3.451309,50.569626,66.597015,300
8821121,Antwerpen-Berchem,Anvers-Berchem,,,Antwerp-Berchem,be,4.432221,51.19923,645.343284,300
8821006,Antwerpen-Centraal,Anvers-Central,,,Antwerp-Central,be,4.421101,51.2172,659.716418,300
8821030,Antwerpen-Dam,Anvers-Dam,Antwerpen-Dam,,,be,4.426238,51.231991,0.283582,300
8821048,Antwerpen-Haven,Anvers-Haven,,,Antwerp-Haven,be,4.379086,51.289968,0,
8821063,Antwerpen-Luchtbal,Anvers-Luchtbal,,,Antwerp-Luchtbal,be,4.425029,51.244132,148.985075,300
8821089,Antwerpen-Noorderdokken,Anvers-Noorderdokken,,,Antwerp-Noorderdokken,be,4.427906,51.261643,107.925373,240
8821022,Antwerpen-Oost,Anvers-Est,,,Antwerp-East,be,4.436392,51.207357,0.522388,300
8821196,Antwerpen-Zuid,Anvers-Sud,,,Antwerp-South,be,4.390259,51.197828,205.537313,300
8892734,Anzegem,,,,,be,3.495014,50.826385,68.059701,300
8895745,Appelterre,,,,,be,3.972108,50.813063,47.537313,300
8814472,Arcaden/Arcades,Arcades,Arcaden,Arcades,Arcaden,be,4.398333,50.809722,127.313433,300
8811759,Archennes,,Eerken,,,be,4.662444,50.754345,54.410448,300
8866001,Arlon,,Aarlen,Arel,,be,5.809971,49.68053,139.820896,120
8728686,Ascq,,,,,fr,3.166666,50.616666,32.746269,300
8812070,Asse,,,,,be,4.207985,50.906488,90.977612,300
8864931,Assesse,,,,,be,5.022839,50.368133,73.134328,300
8886009,Ath,,Aat,,,be,3.777429,50.626932,108.30597,300
8866605,Athus,,,Athem,,be,5.828947,49.563346,98.343284,300
8869047,Athus-Frontiere,,,,,be,5.824932,49.551749,108.126866,120
8866654,Aubange,,,,,be,5.79806,49.564093,24.552239,300
8869088,Aubange-Frontiere-Luxembourg,,,,,be,5.826307,49.549455,0,
8729560,Aulnoye-Aymeries,,,,,fr,3.843413,50.19744,3.970149,300
8874716,Auvelais,,,,,be,4.630532,50.449197,111.731343,300
8731896,Avignon TGV,,,,,fr,4.816667,43.95,0.037313,300
8864352,Aye,,,,,be,5.301091,50.224135,62.761194,300
8842754,Aywaille,,,,,be,5.672499,50.472938,22.477612,300
8727149,Aéroport Charles-de-Gaulle TGV,,,,,fr,2.571123,49.003955,0.171642,300
8822160,Baasrode-Zuid,Baesrode-Sud,,,,be,4.153492,51.019437,66.313433,300
8728687,Baisieux,,,,,fr,3.25,50.6,50.522388,300
8895257,Balegem-Dorp,,,,,be,3.791425,50.919612,42.328358,300
8895240,Balegem-Zuid,,,,,be,3.80587,50.90051,42.328358,300
8832045,Balen,Baelen,,,,be,5.164986,51.169099,30.716418,300
8895463,Bambrugge,,,,,be,3.935711,50.913769,7.731343,300
8864451,Barvaux,,,,,be,5.501542,50.349417,30.738806,300
8843430,Bas-Oha,,,,,be,5.190937,50.52263,88.313433,300
8500010,Basel,,Bazel,,,ch,7.590716,47.547408,0,
8811734,Basse-Wavre,,,,,be,4.621651,50.72442,54.962687,300
8865128,Bastogne-Nord,,Bastenaken-Noord,,,be,5.720744,50.006919,16.723881,300
8865110,Bastogne-Sud,,Bastenaken-Zuid,,,be,5.709858,49.999737,16.723881,300
8863867,Beauraing,,,,,be,4.95684,50.11443,27.134328,300
8891124,Beernem,,,,,be,3.329892,51.128009,188.276119,300
8814423,Beersel,,,,,be,4.302605,50.766616,70.208955,300
8894151,Beervelde,,,,,be,3.879384,51.08753,148.820896,300
8821865,Begijnendijk,,,,,be,4.800338,51.021972,76.716418,300
8871183,Beignée,,,,,be,4.406305,50.333893,33.514925,300
8891157,Bellem,,,,,be,3.487374,51.083908,188.276119,300
8894433,Belsele,,,,,be,4.088608,51.150994,174.895522,300
8832235,Beringen,,,,,be,5.235892,51.050603,30.716418,300
8821816,Berlaar,,,,,be,4.638811,51.113662,76.686567,300
8200510,Bertrange Strassen,,,,,lu,6.060601,49.613002,35.850746,300
8865300,Bertrix,,,,,be,5.267193,49.852835,74.246269,300
8873320,Berzée,,,,,be,4.405909,50.285603,33.514925,300
8861424,Beuzet,,,,,be,4.748533,50.534208,130.11194,300
8894748,Beveren,,,,,be,4.25952,51.208336,150.69403,300
8832227,Beverlo,,,,,be,5.234373,51.087719,30.716418,300
8811718,Bierges-Walibi,,,,,be,4.594746,50.707772,61.746269,300
8841319,Bierset-Awans,,,,,be,5.460551,50.65861,63.216418,300
8831138,Bilzen,,,,,be,5.50938,50.868643,61.425373,300
8882362,Binche,,,,,be,4.172451,50.408764,36.164179,300
8896388,Bissegem,,,,,be,3.224205,50.825845,41.544776,300
8889045,Blandain-Frontiere,,,,,be,3.26373,50.61749,49.820896,120
8891405,Blankenberge,,,,,be,3.133864,51.312432,39.365672,300
8861531,Blanmont,,,,,be,4.636393,50.619453,130.813433,300
8884715,Blaton,,,,,be,3.666304,50.505461,66.597015,300
8841434,Bleret,,,,,be,5.286394,50.685065,63.216418,300
8812021,Bockstael,,,,,be,4.348513,50.87943,110.067164,300
8821634,Boechout,,,,,be,4.494489,51.16348,183.365672,300
8831781,Bokrijk,,,,,be,5.408386,50.955812,42.141791,300
8864469,Bomal,,,,,be,5.519304,50.376798,35.798507,300
8821857,Booischot,,,,,be,4.773478,51.037344,76.686567,300
8822814,Boom,,,,,be,4.360694,51.090713,56.455224,300
8814456,Boondaal/Boondael,Boondael,Boondaal,,,be,4.393387,50.801665,127.313433,300
8822475,Boortmeerbeek,,,,,be,4.5739,50.981853,66.208955,300
8811163,Bordet,,,,,be,4.410026,50.877785,166.641791,300
8822772,Bornem,,,,,be,4.240526,51.099225,42.037313,300
8811437,Bosvoorde/Boitsfort,Boitsfort,Bosvoorde,,,be,4.408112,50.794698,160.708955,300
8774179,Bourg-Saint-Maurice,,,,,fr,6.771664,45.618826,0,
8884319,Boussu,,,,,be,3.797025,50.436388,32.768657,300
8821725,Bouwel,,,,,be,4.746511,51.165764,138.179104,300
8881463,Bracquegnies,,,,,be,4.126345,50.474457,90.029851,300
8814258,Braine-l'Alleud,,Eigenbrakel,,,be,4.375526,50.684778,181.052239,240
8883006,Braine-le-Comte,,'s Gravenbrakel,,,be,4.137662,50.605079,216.880597,300
8400131,Breda,,,,,nl,4.7764,51.594459,48,300
8843901,Bressoux,,,,,be,5.611057,50.643967,39.067164,300
8886066,Brugelette,,,,,be,3.852551,50.594229,35.447761,300
8891009,Brugge,Bruges,,,,be,3.216726,51.197226,280.246269,180
8891033,Brugge-Sint-Pieters,Bruges-Saint-Pierre,,,,be,3.201795,51.223115,104.395522,300
8813003,Brussel-Centraal/Bruxelles-Central,Bruxelles-Central,Brussel-Centraal,,Brussels-Central,be,4.356801,50.845658,970.149254,300
8813045,Brussel-Congres/Bruxelles-Congrès,Bruxelles-Congrès,Brussel-Congres,,Brussels-Congres,be,4.362051,50.852067,970.149254,300
8813037,Brussel-Kapellekerk/Bruxelles-Chapelle,Bruxelles-Chapelle,Brussel-Kapellekerk,,Brussels-Chapelle/Brussels-Kapellekerk,be,4.347866,50.841127,970.149254,300
8811304,Brussel-Luxemburg/Bruxelles-Luxembourg,Bruxelles-Luxembourg,Brussel-Luxemburg,,Brussels-Luxemburg/Brussels-Luxembourg,be,4.373674,50.838943,287.134328,300
8812005,Brussel-Noord/Bruxelles-Nord,Bruxelles-Nord,Brussel-Noord,,Brussels-North,be,4.360846,50.859663,977.910448,300
8811916,Brussel-Schuman/Bruxelles-Schuman,Bruxelles-Schuman,Brussel-Schuman,,Brussels-Schuman,be,4.380722,50.843276,286.58209,300
8815040,Brussel-West/Bruxelles-Ouest,Bruxelles-Ouest,Brussel-West,,Brussels-West,be,4.321042,50.848552,37.447761,300
8814001,Brussel-Zuid/Bruxelles-Midi,Bruxelles-Midi,Brussel-Zuid,,Brussels-South/Brussels-Midi,be,4.336531,50.835707,1040.664179,300
8819406,Brussels Airport - Zaventem,,,,,be,4.482076,50.896456,316.970149,3540
8811148,Buda,,,,,be,4.417074,50.907495,208.134328,300
8822145,Buggenhout,,,,,be,4.201666,51.016291,66.313433,300
8814340,Buizingen,,,,,be,4.258558,50.751577,223.395522,300
8895455,Burst,,,,,be,3.922416,50.907198,79.059701,300
8778100,Béziers,,,,,fr,3.218794,43.336177,0,
8884889,Callenelle,,,,,be,3.52618,50.527359,66.597015,300
8886074,Cambron-Casteau,,,,,be,3.874809,50.586759,36.447761,300
8775762,Cannes,,,,,fr,7.019895,43.553742,0.014925,300
8200518,Capellen,,,,,lu,5.990833,49.645,33.171642,300
8865565,Carlsbourg,,,,,be,5.092784,49.905458,27.768657,300
8882248,Carnieres,,,,,be,4.263826,50.447957,82.671642,300
8811817,Ceroux-Mousty,,,,,be,4.569046,50.659941,33.686567,300
8774100,Chambéry-Challes-les-Eaux,,,,,fr,5.919756,45.571498,0,
8861317,Chapelle-Dieu,,,,,be,4.697627,50.557374,5.61194,300
8864824,Chapois,,,,,be,5.124255,50.262366,61.216418,300
8872066,Charleroi-Ouest,,Charleroi-West,,,be,4.436653,50.410948,33.604478,300
8872009,Charleroi-Sud,,Charleroi-Zuid,,,be,4.438567,50.40471,324.380597,300
8861523,Chastre,,,,,be,4.648888,50.608819,130.813433,300
8842051,Chaudfontaine,,,,,be,5.643734,50.586982,86.149254,300
8863438,Château-de-Seilles,,,,,be,5.081745,50.497209,88.313433,300
8874005,Châtelet,,,,,be,4.521861,50.410103,115.671642,300
8842036,Chênée,,,,,be,5.616073,50.608019,86.328358,300
8864501,Ciney,,,,,be,5.091409,50.29105,91.798507,240
8200134,Clervaux,,,,,lu,6.031393,50.054724,16.447761,300
8718201,Colmar,,,,,fr,7.366668,48.083335,0,
8842838,Comblain-la-Tour,,,,,be,5.566956,50.456865,30.843284,300
8896412,Comines,,Komen,Comines / Komen,Komen / Comines,be,2.999286,50.772072,41.544776,300
8845229,Coo,,,,,be,5.880473,50.391127,22.477612,300
8874054,Couillet,,,,,be,4.46851,50.392718,115.671642,300
8873379,Cour-sur-Heure,,,,,be,4.391491,50.300138,33.514925,300
8871225,Courcelles-Motte,,,,,be,4.400534,50.462007,102.895522,300
8864949,Courrière,,,,,be,4.996051,50.387442,73.134328,300
8811825,Court-Saint-Étienne,,,,,be,4.565819,50.645567,33.686567,300
8875127,Couvin,,,,,be,4.491702,50.056324,31.649254,300
8728671,Croix Wasquehal,,,,,fr,3.15,50.666667,8.074627,300
8728105,Croix l'Allumette,,,,,fr,3.13381,50.675708,7.343284,300
8863362,Dave-Saint-Martin,,,,,be,4.884414,50.429098,73.134328,300
8814175,De Hoek,,,,,be,4.370717,50.738812,181.052239,300
8892338,De Panne,La Panne,,,,be,2.601963,51.0774,37.156716,300
8892080,De Pinte,,,,,be,3.650465,50.997063,184.253731,300
8892106,Deinze,,,,,be,3.534432,50.978258,154.029851,300
8811205,Delta,,,,,be,4.403869,50.818357,36.477612,300
8400280,Den Haag HS,,,,,nl,4.299999,52.083329,8,300
8895802,Denderleeuw,,,,,be,4.071825,50.891925,263.962687,240
8893401,Dendermonde,Termonde,,,,be,4.101427,51.022781,171.164179,240
8811213,Diegem,,,,,be,4.442774,50.890478,369.843284,300
8831112,Diepenbeek,,,,,be,5.419947,50.910452,61.425373,300
8814464,Diesdelle/Vivier d'Oie,Vivier d'Oie,Diesdelle,,,be,4.374052,50.796145,127.313433,240
8831401,Diest,,,,,be,5.050031,50.993341,109.985075,300
8892452,Diksmuide,Dixmude,,,,be,2.868943,51.032723,37.156716,60
8812237,Dilbeek,,,,,be,4.243393,50.866728,55.597015,300
8863503,Dinant,,,,,be,4.908182,50.260721,63.365672,240
8844545,Dolhain-Gileppe,,,,,be,5.936494,50.616244,82.746269,300
8200101,Dommeldange,,,,,lu,6.13668,49.633838,1.88806,300
8400180,Dordrecht,,,,,nl,4.666668,51.799998,0,
8010053,Dortmund Hbf,,,,,de,7.459293,51.517898,0.044776,300
8200133,Drauffelt,,,,,lu,6.006106,50.017778,16.447761,300
8892031,Drongen,Tronchiennes,,,,be,3.655202,51.047295,188.276119,300
8015653,Duesseldorf Flughafen (DE),,,,,de,6.767052,51.27656,0.014925,300
8008094,Duesseldorf Hbf,Düsseldorf Hbf,Düsseldorf Hbf,Düsseldorf Hbf,Dusseldorf Hbf,de,6.795297,51.219178,0.059701,300
8822210,Duffel,,,,,be,4.493186,51.091243,283.701493,300
8891652,Duinbergen,,,,,be,3.263587,51.338195,38.910448,300
8010316,Duisburg Hbf,,,,,de,6.7759037,51.42978,0.059701,300
8039904,Düsseldorf Flughafen Hbf,,,,,de,6.786837,51.292008,0,
7015440,Ebbsfleet International,,,,,gb,0.275775,51.45117,0.059701,240
8895877,Ede,,,,,be,3.987524,50.911054,70.820896,300
8893708,Eeklo,,,,,be,3.574515,51.181333,33.119403,300
8895752,Eichem,,,,,be,3.993745,50.823994,47.537313,300
8400219,Eijsden,,,,,nl,5.709786,50.772135,52.604478,300
8892627,Eine,,,,,be,3.623776,50.870432,37.776119,300
8892650,Eke-Nazareth,,,,,be,3.627839,50.960774,37.776119,300
8821071,Ekeren,,,,,be,4.434154,51.281626,82.380597,300
8883311,Enghien,,Edingen,Enghien / Edingen,Edingen / Enghien,be,4.047357,50.697273,139.671642,300
8843240,Engis,,,,,be,5.401986,50.582957,90.41791,300
8822269,Eppegem,,,,,be,4.45749,50.9584,277.641791,300
8881158,Erbisœul,Erbisoeul,Erbisoeul,Erbisoeul,Erbisoeul,be,3.887987,50.507025,101.731343,300
8895091,Erembodegem,,,,,be,4.055447,50.919621,148.992537,300
8861515,Ernage,,,,,be,4.668538,50.590823,130.813433,300
8895471,Erpe-Mere,,,,,be,3.962463,50.928601,7.731343,300
8811262,Erps-Kwerps,,,,,be,4.585001,50.89651,329.365672,300
8871605,Erquelinnes,,,,,be,4.113562,50.304192,32.641791,300
8879004,Erquelinnes-Frontière,,,,,be,4.107929,50.30233,5.283582,120
8871647,Erquelinnes-Village,,,,,be,4.132314,50.310179,32.641791,300
8842663,Esneux,,,,,be,5.572565,50.530568,53.350746,300
8821402,Essen,,,,,be,4.451314,51.462767,82.380597,240
8010184,Essen Hbf,,,,,de,6.776118,51.42952,0.059701,300
8829009,Essen-Grens,,,,,be,4.44893,51.46909,49.701493,120
8812260,Essene-Lombeek,,,,,be,4.115171,50.882451,55.58209,300
8200120,Ettelbréck,Ettelbruck,Ettelbruck,Ettelbrück,,lu,6.104169,49.847496,20.014925,300
8811411,Etterbeek,,,,,be,4.389513,50.822187,285.216418,300
8844628,Eupen,,,,,be,6.03711,50.635157,33.141791,300
8811106,Evere,,,,,be,4.400965,50.86778,166.641791,300
8893252,Evergem,,,,,be,3.70138,51.107585,33.119403,300
8833449,Ezemaal,,,,,be,4.994217,50.772126,110.574627,300
8883238,Familleureux,,,,,be,4.211581,50.519358,60.044776,300
8874567,Farciennes,,,,,be,4.55265,50.429148,113.462687,300
8872611,Faux,,,,,be,4.54926,50.621826,33.686567,300
8841467,Fexhe-le-Haut-Clocher,,,,,be,5.398453,50.664049,63.216418,300
8861127,Flawinne,,,,,be,4.806298,50.456236,107.41791,300
8843166,Flemalle-Grande,,,,,be,5.480983,50.605349,86.067164,300
8843208,Flemalle-Haute,,,,,be,5.457656,50.595308,140.850746,240
8872413,Fleurus,,,,,be,4.543741,50.481927,35.149254,300
8861135,Floreffe,,,,,be,4.762368,50.443328,107.41791,300
8866845,Florenville,,,,,be,5.331115,49.706967,29.328358,300
8811767,Florival,,,,,be,4.653868,50.761501,54.410448,300
8864923,Florée,,,,,be,5.056099,50.357786,0,
8871688,Fontaine-Valmont,,,,,be,4.212785,50.321164,32.641791,300
8871514,Forchies,,,,,be,4.325384,50.433314,82.671642,300
8864311,Forrières,,,,,be,5.276784,50.132759,55.61194,300
8844255,Fraipont,,,,,be,5.723665,50.565059,86.149254,300
8881570,Frameries,,,,,be,3.906586,50.405932,27.716418,300
8844347,Franchimont,,,,,be,5.822223,50.525723,31.656716,300
8861143,Franière,,,,,be,4.733548,50.439543,107.41791,300
8061676,Frankfurt am Main Flughafen Fernbf,,,,,de,8.663611,50.13083,0.11194,300
8011090,Frankfurt am Main Flughafen Reginalbf,,,,,de,8.569853,50.051696,0,
8011068,Frankfurt am Main Hbf,Francfort-sur-le-Main Hbf,,,,de,8.6653708,50.1071318,0.11194,300
8885068,Froyennes,,,,,be,3.354837,50.62989,79.537313,300
8895620,Galmaarden,Gammerages,,,,be,3.965726,50.743918,42.014925,300
8811742,Gastuche,,,,,be,4.649598,50.736646,54.410448,300
8892643,Gavere-Asper,,,,,be,3.639732,50.930021,37.776119,300
8865649,Gedinne,,,,,be,4.978073,49.984123,27.835821,300
8832433,Geel,,,,,be,4.988608,51.168955,74.514925,300
8861200,Gembloux,,,,,be,4.691497,50.570489,150.343284,240
8863834,Gendron-Celles,,,,,be,4.964607,50.211235,27.641791,300
8831765,Genk,,,,,be,5.497685,50.967057,42.141791,300
8881562,Genly,,,,,be,3.911638,50.390642,27.716418,300
8893120,Gent-Dampoort,Gand-Dampoort,,,Ghent-Dampoort,be,3.740591,51.056365,181.940299,240
8892007,Gent-Sint-Pieters,Gand-Saint-Pierre,,,Ghent-Sint-Pieters,be,3.710675,51.035896,576.268657,300
8893179,Gentbrugge,,,,,be,3.756322,51.038647,181.940299,300
8811528,Genval,,,,,be,4.514832,50.725697,160.708955,300
8895505,Geraardsbergen,Grammont,,,,be,3.872328,50.771137,142.589552,300
8881125,Ghlin,,,,,be,3.906343,50.487411,101.731343,300
8841731,Glons,,Glaaien,,,be,5.535431,50.750426,30.813433,300
8871381,Godarville,,,,,be,4.290308,50.492795,34.38806,300
8863560,Godinne,,,,,be,4.86996,50.348914,60.970149,300
8200129,Goebelsmühle,,,,,lu,49.92104,6.053335,0,
8893047,Gontrode,,,,,be,3.801672,50.980199,42.328358,300
8845005,Gouvy,,,,,be,5.953906,50.189409,27.761194,180
8849072,Gouvy-Frontiere,,,,,be,5.968613,50.171653,29.656716,120
8871373,Gouy-lez-Pieton,,,,,be,4.325123,50.497065,34.38806,300
8865615,Graide,,,,,be,5.043047,49.934134,27.768657,300
8811445,Groenendaal,Groenendael,,,,be,4.449489,50.766103,160.708955,300
8812229,Groot-Bijgaarden,Grand-Bigard,,,,be,4.273543,50.868337,55.597015,300
8864337,Grupont,,,,,be,5.280524,50.0906,55.61194,300
8822517,Haacht,,,,,be,4.613309,50.966428,66.208955,300
8895869,Haaltert,,,,,be,4.023958,50.906838,70.820896,300
8866142,Habay,,,,,be,5.632685,49.718249,59.402985,300
8884327,Hainin,,,,,be,3.766893,50.428019,32.768657,300
8866530,Halanzy,,,,,be,5.741347,49.5562,24.552239,300
8814308,Halle,Hal,,,,be,4.240634,50.733931,357.656716,300
8873387,Ham-sur-Heure,,,,,be,4.404696,50.319555,33.514925,300
8861168,Ham-sur-Sambre,,,,,be,4.669392,50.45255,107.41791,300
8822533,Hambos,,,,,be,4.66301,50.944251,66.208955,300
8842846,Hamoir,,,,,be,5.533561,50.428181,30.843284,300
8832664,Hamont,,,,,be,5.543279,51.246424,32.783582,300
8891165,Hansbeke,,,,,be,3.536212,51.073202,188.276119,300
8884640,Harchies,,,,,be,3.698764,50.482565,66.597015,300
8896115,Harelbeke,,,,,be,3.314008,50.85586,109.119403,300
8811155,Haren,,,,,be,4.419978,50.888878,166.641791,300
8811130,Haren-Sud/Haren-Zuid,Haren-Sud,Haren-Zuid,,,be,4.415357,50.889696,324.11194,300
8831005,Hasselt,,,,,be,5.327627,50.930822,225.007463,240
8843349,Haute-Flône,,,,,be,5.330333,50.55349,90.41791,300
8731388,Haute-Picardie TGV,,,,,fr,2.49565,49.85894,0.022388,300
8864832,Haversin,,,,,be,5.194371,50.249044,63.320896,300
8881430,Havre,,,,,be,4.059987,50.470754,90.029851,300
8821519,Heide,,,,,be,4.460483,51.364623,82.380597,300
8891645,Heist,,,,,be,3.239181,51.333979,38.910448,300
8821832,Heist-op-den-Berg,,,,,be,4.708235,51.074146,76.686567,300
8812153,Heizijde,,,,,be,4.156171,50.989593,90.977612,300
8728606,Hellemmes,,,,,fr,3.108892,50.626941,6.283582,300
8824224,Hemiksem,,,,,be,4.338293,51.136243,56.455224,300
8883022,Hennuyères,,,,,be,4.175893,50.651005,162.276119,300
8811288,Herent,,,,,be,4.672188,50.90353,329.365672,300
8821717,Herentals,,,,,be,4.829535,51.181513,142.783582,180
8844644,Hergenrath,,,,,be,6.041335,50.718209,30.179104,240
8849023,Hergenrath-Frontiere,,,,,be,6.041269,50.718955,45.268657,120
8895646,Herne,,,,,be,4.014573,50.723701,42.014925,300
8885753,Herseaux,,,,,be,3.245959,50.713894,46.089552,300
8841608,Herstal,,,,,be,5.622761,50.660911,114.089552,300
8895430,Herzele,,,,,be,3.880616,50.89722,70.820896,300
8832243,Heusden,,,,,be,5.281782,51.038207,50.850746,300
8822459,Hever,,,,,be,4.537637,50.997791,66.208955,300
8833126,Heverlee,,,,,be,4.6952,50.86253,54.798507,300
8895422,Hillegem,,,,,be,3.857469,50.891296,70.820896,300
8824158,Hoboken-Polder,,,,,be,4.347785,51.182699,56.455224,300
8811460,Hoeilaart,,,,,be,4.467414,50.760161,160.708955,300
8822277,Hofstade,,,,,be,4.498336,50.988658,60.544776,300
8814159,Holleken,,,,,be,4.353952,50.767631,181.052239,300
8842655,Hony,,,,,be,5.573563,50.539917,53.350746,300
8886553,Houraing,,,,,be,3.835175,50.703062,37.567164,300
8871829,Hourpes,,,,,be,4.308736,50.363692,32.641791,300
8863842,Houyet,,,,,be,5.006074,50.189868,27.268657,300
8821337,Hove,,,,,be,4.465157,51.154114,256.425373,300
8814415,Huizingen,,,,,be,4.266487,50.7519,70.208955,300
8843307,Huy,,Hoei,,,be,5.234211,50.527242,92.626866,300
8895844,Iddergem,,,,,be,4.06849,50.876886,47.537313,300
8895729,Idegem,,,,,be,3.921553,50.801871,47.537313,300
8896503,Ieper,Ypres,,,,be,2.876593,50.847402,42.067164,300
8896925,Ingelmunster,,,,,be,3.255416,50.914326,68.574627,300
8896909,Izegem,,,,,be,3.212088,50.921149,68.574627,300
8863115,Jambes,,,,,be,4.876144,50.454843,96.567164,300
8863354,Jambes-Est,,,,,be,4.880261,50.454798,73.134328,300
8871175,Jamioulx,,,,,be,4.411294,50.352896,33.514925,300
8884566,Jemappes,,,,,be,3.885587,50.452577,102.014925,300
8843158,Jemeppe-sur-Meuse,,,,,be,5.497874,50.618446,86.067164,300
8874724,Jemeppe-sur-Sambre,,,,,be,4.662632,50.45095,150.014925,240
8812047,Jette,,,,,be,4.32622,50.880833,160.425373,300
8881166,Jurbeke,Jurbise,,Jurbise,Jurbise,be,3.910694,50.530496,127.597015,300
8844321,Juslenville,,,,,be,5.809935,50.544717,31.656716,300
8821444,Kalmthout,,,,,be,4.46682,51.391177,82.380597,300
8822053,Kapelle-op-den-Bos,,,,,be,4.359121,51.010843,66.313433,300
8821535,Kapellen,,,,,be,4.432661,51.313528,82.380597,300
8200130,Kautebaach,Kautenbach,Kautenbach,Kautenbach,,lu,6.020003,49.952777,16.447761,300
8821659,Kessel,,,,,be,4.618459,51.151057,138.179104,300
8832375,Kiewit,,,,,be,5.350226,50.954841,42.141791,300
8821451,Kijkuit,,,,,be,4.467315,51.378664,82.380597,300
8200520,Klengbetten,Kleinbettingen,Kleinbettingen,Kleinbettingen,,lu,5.916385,49.646389,54.014925,300
8891660,Knokke,,,,,be,3.285188,51.339894,38.910448,300
8892320,Koksijde,Coxyde,,,,be,2.65277,51.079197,37.156716,300
8821311,Kontich-Lint,,,,,be,4.476358,51.134023,256.425373,300
8892403,Kortemark,,,,,be,3.043459,51.025244,37.156716,300
8811254,Kortenberg,,,,,be,4.543301,50.893067,329.365672,300
8896008,Kortrijk,Courtrai,,,,be,3.264549,50.824506,276.432836,180
8893567,Kwatrecht,Quatrecht,,,,be,3.829593,50.99175,139.514925,300
8015458,Köln Hbf,Cologne Hbf,Keulen Hbf,,,de,6.958823,50.942721,0.179104,300
8714210,Lorraine TGV,,,,,fr,6.169722,48.9475,0.037313,120
8811510,La Hulpe,,Terhulpen,,,be,4.49706,50.737958,160.708955,300
8882107,La Louvière-Centre,,La Louvière-Centrum,,,be,4.179858,50.478161,94.716418,300
8882206,La Louvière-Sud,,La Louvière-Zuid,,,be,4.190609,50.464974,181.186567,300
8872587,La Roche (Brabant),,,,,be,4.539157,50.610338,33.686567,300
8871670,Labuissière,,,,,be,4.186833,50.316328,32.641791,300
8892056,Landegem,,,,,be,3.576852,51.064311,188.276119,300
8871837,Landelies,,,,,be,4.350976,50.377311,32.641791,300
8833605,Landen,,,,,be,5.07966,50.747927,122.850746,300
8774177,Landry,,,,,fr,6.733522,45.574194,0,
8893054,Landskouter,,,,,be,3.791146,50.970545,42.328358,300
8833258,Langdorp,,,,,be,4.863541,51.002466,107.037313,300
8874559,Le Campinaire,,,,,be,4.542787,50.42383,113.462687,300
8812161,Lebbeke,,,,,be,4.134372,51.005009,90.977612,300
8895067,Lede,,,,,be,3.984981,50.970895,74.537313,300
8864816,Leignon,,,,,be,5.107778,50.267768,61.216418,300
8843224,Leman,,,,,be,5.468309,50.600396,86.067164,300
8814332,Lembeek,,,,,be,4.221577,50.715107,162.276119,300
8881190,Lens,,,,,be,3.903224,50.559342,36.447761,300
8832003,Leopoldsburg,Bourg-Léopold,,,,be,5.257287,51.117312,30.716418,300
8775544,Les Arcs - Draguignan,,,,,fr,6.4826446,43.4555673,0,
8886504,Lessen,Lessines,Lessen,Lessines,Lessines,be,3.836434,50.712015,37.567164,300
8833001,Leuven,Louvain,,Löwen,,be,4.715866,50.88228,516.731343,300
8886348,Leuze,,,,,be,3.616872,50.600612,78.485075,300
8882339,Leval,,,,,be,4.211041,50.430797,36.164179,300
8728710,Lezennes,,,,,fr,3.116667,50.616666,8.38806,300
8865003,Libramont,,,,,be,5.37927,49.920434,155.985075,240
8892205,Lichtervelde,,,,,be,3.127212,51.025163,105.231343,180
8895836,Liedekerke,,,,,be,4.095287,50.882531,191.470149,300
8821600,Lier,Lierre,,,,be,4.560614,51.135758,215.052239,600
8895570,Lierde,,,,,be,3.826564,50.816236,43,300
8841673,Liers,,,,,be,5.56683,50.698181,105.671642,300
8872520,Ligny,,,,,be,4.566133,50.511726,33.686567,300
8722326,Lille Europe,,Rijsel-Europa,,,fr,3.0756612,50.6391167,0.350746,300
8728600,Lille Flandres,,Rijsel-Vlaanderen,,,fr,3.066669,50.633333,63.044776,300
8814241,Lillois,,,,,be,4.365368,50.645423,147.358209,300
8811635,Limal,,,,,be,4.575302,50.69214,61.746269,300
8032572,Limburg Süd,,,,,de,8.063261,50.3842,0.022388,300
8814142,Linkebeek,,,,,be,4.339434,50.773681,181.052239,300
8891629,Lissewege,,,,,be,3.194505,51.294714,26.119403,300
8841558,Liège-Carré,,Luik-Carre,,,be,5.561131,50.640299,147.91791,300
8841004,Liège-Guillemins,,Luik-Guillemins,,,be,5.566695,50.62455,451.537313,300
8841525,Liège-Saint-Lambert,,Luik-Sint-Lambertus,,,be,5.570453,50.646349,147.91791,300
8871712,Lobbes,,,,,be,4.260958,50.346469,32.641791,300
8872306,Lodelinsart,,,,,be,4.462946,50.432451,33.604478,300
8894201,Lokeren,,,,,be,3.987794,51.108062,211.223881,240
8832565,Lommel,,,,,be,5.312031,51.211564,34.186567,300
8822111,Londerzeel,,,,,be,4.299073,51.009091,66.313433,300
7015400,London Saint Pancras International,Londres Saint Pancras,Londen Saint Pancras,,,gb,0.123808,51.5304,0.126866,240
8861416,Lonzée,,,,,be,4.7201,50.551935,130.11194,300
8814357,Lot,,,,,be,4.273696,50.766364,223.395522,300
8811676,Louvain-la-Neuve,,,,,be,4.615745,50.669793,100.320896,300
8863156,Lustin,,,,,be,4.877071381,50.36900032,60.970149,300
8871308,Luttre,,,,,be,4.38412,50.505856,130.470149,300
8772319,Lyon Part Dieu TGV,,,,,fr,4.85,45.75,0.08209,300
8772202,Lyon-Perrache TGV,,,,,fr,4.825301,45.74836,0.007463,300
8776290,Lyon-Saint Exupéry TGV,,,,,fr,5.075822,45.720907,0,
8200100,Lëtzebuerg,Luxembourg,Luxemburg,Luxemburg,,lu,6.133331,49.599996,155.350746,300
8400424,Maastricht,,,,,nl,5.705392,50.85,35.067164,300
8400426,Maastricht Randwyck,,,,,nl,5.716707,50.838502,35.067164,300
8886041,Maffle,,,,,be,3.800117,50.614356,35.447761,300
8822137,Malderen,,,,,be,4.22911,51.014484,66.313433,300
8200516,Mamer,,,,,lu,6.02014,49.625663,33.171642,300
8210014,Mamer-Lycée,,,,,lu,6.02968,49.618415,33.641791,300
8882701,Manage,,,,,be,4.234683,50.506108,41.119403,180
8866175,Marbehan,,,,,be,5.539755,49.727337,60.067164,300
8864410,Marche-en-Famenne,,,,,be,5.346289,50.222472,30.738806,300
8863461,Marche-les-Dames,,,,,be,4.96458,50.480741,88.313433,300
8883220,Marche-lez-Écaussinnes,,,,,be,4.177098,50.546173,60.044776,300
8871852,Marchienne-Zone,,,,,be,4.388767,50.397465,32.641791,300
8871100,Marchienne-au-Pont,,,,,be,4.394223,50.412171,185.567164,300
8891132,Maria-Aalter,,,,,be,3.38673,51.107612,188.276119,300
8875002,Mariembourg,,,,,be,4.525691,50.09549,31.649254,300
8864345,Marloie,,,,,be,5.313892,50.202821,108.679104,300
8711184,Marne-la-Vallée - Chessy,,,,,fr,2.782184,48.868256,0.119403,300
8775100,Marseille-Saint-Charles,,,,,fr,5.380752,43.303178,0.037313,300
8881174,Masnuy-Saint-Pierre,,,,,be,3.962139,50.536546,86.179104,300
8739370,Massy TGV,,,,,fr,2.261254,48.725758,0.007463,300
8729500,Maubeuge,,,,,fr,3.966566,50.27289,3.522388,300
8885530,Maubray,,,,,be,3.495527,50.547557,66.597015,300
8861333,Mazy,,,,,be,4.675829,50.513497,5.61194,300
8822004,Mechelen,Malines,,,,be,4.482785,51.017648,472.089552,300
8822343,Mechelen-Nekkerspoel,Malines-Nekkerspoel,,,,be,4.489914,51.029883,283.701493,300
8811171,Meiser,,,,,be,4.394421,50.854072,166.641791,300
8821824,Melkouwen,,,,,be,4.671532,51.094938,76.686567,300
8893039,Melle,,,,,be,3.797088,51.002807,183,300
8890142,Melle PW,,,,,be,3.77939,51.01394,0,
8864436,Melreux-Hotton,,,,,be,5.440136,50.28367,30.738806,300
8894755,Melsele,,,,,be,4.286766,51.21071,159.835821,300
8896305,Menen,Menin,,,,be,3.113791,50.799489,41.544776,300
8812120,Merchtem,,,,,be,4.222718,50.954958,90.977612,300
8893013,Merelbeke,,,,,be,3.768889,51.017531,183,300
8811197,Merode,,,,,be,4.398934,50.839284,36.477612,300
8200110,Mersch,,,,,lu,6.106111,49.748893,15.723881,300
8866662,Messancy,,,,,be,5.818915,49.592777,24.552239,300
8719203,Metz,,,,,fr,6.166663,49.13333,0,
8886058,Mevergnies-Attre,,,,,be,3.833917,50.600108,35.447761,300
8200128,Michelau,,,,,lu,6.09149,49.89729,15.059701,300
8841665,Milmort,,,,,be,5.60009,50.692455,98.910448,300
8814431,Moensberg,,,,,be,4.330733,50.77832,70.208955,300
8832409,Mol,,,,,be,5.116336,51.19105,109.537313,240
8812112,Mollem,,,,,be,4.216965,50.933473,90.977612,300
8841459,Momalle,,,,,be,5.367602,50.66991,63.216418,300
8881000,Mons,,Bergen,,,be,3.942542,50.453854,244.761194,300
8861549,Mont-Saint-Guibert,,,,,be,4.613884,50.637611,130.813433,300
8777300,Montpellier,,,,,fr,3.880534,43.604947,0.037313,300
8893062,Moortsele,,,,,be,3.781339,50.953519,42.328358,300
8882230,Morlanwelz,,,,,be,4.247367,50.457998,82.671642,300
8821147,Mortsel,,,,,be,4.448437,51.18296,238.029851,300
8821154,Mortsel-Deurnesteenweg,,,,,be,4.446514,51.183023,199.835821,300
8821246,Mortsel-Liersesteenweg,,,,,be,4.468843,51.169027,56.589552,300
8821238,Mortsel-Oude God,,,,,be,4.455737,51.171256,199.835821,300
8885704,Mouscron,,Moeskroen,Mouscron / Moeskroen,Moeskroen / Mouscron,be,3.228448,50.741005,78.365672,300
8889011,Mouscron-Frontiere,,Moeskroen-Grens,,,be,3.196086,50.721716,43.970149,120
8861150,Moustier,,,,,be,4.693807,50.452748,107.41791,300
8811403,Mouterij/Germoir,Germoir,Mouterij,Germoir,Mouterij,be,4.37866,50.829929,146.955224,300
8774172,Moûtiers-Salins-Brides-les-Bai,,,,,fr,6.531454,45.486693,0,
8822426,Muizen,,,,,be,4.513843,51.008201,126.753731,300
8718206,Mulhouse,,,,,fr,7.333336,47.749998,0,
8895232,Munkzwalm,,,,,be,3.733238,50.875673,70.716418,300
8842648,Méry,,,,,be,5.587236,50.54762,53.350746,300
8863008,Namur,,Namen,,,be,4.86222,50.468794,333.977612,300
8863453,Namêche,,,,,be,4.997939,50.47043,88.313433,300
8864964,Naninne,,,,,be,4.929756,50.419695,73.134328,300
8778110,Narbonne,,,,,fr,3.00601,43.190399,0,
8864915,Natoye,,,,,be,5.06116,50.343296,73.134328,300
8832615,Neerpelt,,,,,be,5.43717,51.222369,34.186567,300
8833670,Neerwinden,,,,,be,5.036323,50.763964,110.574627,300
8844230,Nessonvaux,,,,,be,5.741581,50.572089,86.149254,300
8866258,Neufchâteau,,,,,be,5.452559,49.854318,59.425373,300
8883121,Neufvilles,,,,,be,4.010672,50.543602,86.179104,300
8775605,Nice Ville,,,,,fr,7.261928,43.704605,0.014925,300
8824240,Niel,,,,,be,4.338589,51.111595,56.455224,300
8894714,Nieuwkerken-Waas,,,,,be,4.185907,51.185612,150.69403,300
8821667,Nijlen,,,,,be,4.666588,51.15984,138.179104,300
8881315,Nimy,,,,,be,3.956089,50.471644,90.029851,300
8895760,Ninove,,,,,be,4.026133,50.839509,47.537313,300
8814209,Nivelles,,Nijvel,,,be,4.335065,50.599641,147.358209,300
8821105,Noorderkempen,,,,Noorderkempen (brecht),be,4.632204,51.356838,57.447761,300
8811247,Nossegem,,,,,be,4.506112,50.883314,329.365672,300
8777500,Nîmes,,,,,fr,4.365997,43.832602,0.022388,300
8871332,Obaix-Buzet,,,,,be,4.36357,50.535206,89.208955,300
8881406,Obourg,,,,,be,4.007804,50.469873,90.029851,300
8895778,Okegem,,,,,be,4.054557,50.857712,47.537313,300
8832458,Olen,,,,,be,4.9025,51.17403,74.514925,300
8891702,Oostende,Ostende,,,,be,2.925809,51.228212,116.828358,300
8891116,Oostkamp,,,,,be,3.257466,51.154114,188.276119,300
8812146,Opwijk,,,,,be,4.187319,50.974779,91.723881,300
8811601,Ottignies,,,,,be,4.56936,50.673667,356.119403,300
8833134,Oud-Heverlee,,,,,be,4.653311,50.835931,54.507463,300
8893518,Oudegem,,,,,be,4.064472,51.01523,64.977612,300
8892601,Oudenaarde,Audenarde,,,,be,3.600386,50.850116,120.858209,240
8843174,Ougrée,,,,,be,5.536972,50.605396,34.440299,300
8832573,Overpelt,,,,,be,5.422751,51.215618,34.186567,300
8865540,Paliseul,,,,,be,5.118349,49.895408,27.768657,300
8886561,Papegem,Papignies,Papegem,Papignies,Papignies,be,3.823408,50.686585,37.567164,300
8727100,Paris Nord,,Parijs Noord,,,fr,2.333333,48.866667,1.58209,300
8844206,Pepinster,,,,,be,5.80615,50.568179,117.80597,240
8844313,Pepinster-Cité,,,,,be,5.804397,50.563405,31.656716,300
8778400,Perpignan,,,,,fr,2.879397,42.695938,0,
8200930,Petange,,,,,lu,5.878681,49.55425,140.768657,300
8200102,Pfaffenthal-Kirchberg,,,,,lu,6.132853,49.619126,13.932836,300
8873122,Philippeville,,,,,be,4.535956,50.191639,31.649254,300
8871415,Piéton,,,,,be,4.288438,50.434959,82.671642,300
8865227,Poix-Saint-Hubert,,,,,be,5.292641,50.019504,55.61194,300
8728683,Pont de Bois,,,,,fr,3.1275,50.624164,31.880597,300
8843141,Pont-de-Seraing,,,,,be,5.510162,50.619651,86.067164,300
8871365,Pont-à-Celles,,,,,be,4.355291,50.513812,34.38806,300
8896735,Poperinge,,,,,be,2.736343,50.854449,41.544776,300
8842689,Poulseur,,,,,be,5.578858,50.509209,53.350746,300
8811544,Profondsart,,,,,be,4.545435,50.699653,160.708955,300
8873312,Pry,,,,,be,4.428805,50.269278,33.514925,300
8822715,Puurs,,,,,be,4.282703,51.07722,95.679104,300
8811775,Pécrot,,,,,be,4.651486,50.778517,54.410448,300
8884855,Péruwelz,,,,,be,3.592772,50.513704,66.597015,300
8884541,Quaregnon,,,,,be,3.856543,50.449827,102.014925,300
8881505,Quevy,,,,,be,3.909489,50.341534,27.716418,300
8889003,Quevy-frontiere,,,,,be,3.908753,50.32771,5.955224,120
8884335,Quievrain,,,,,be,3.68608,50.410103,32.768657,300
8886587,Rebaix,,,,,be,3.793627,50.661235,37.567164,300
8841442,Remicourt,,,,,be,5.321407,50.678611,63.216418,300
8861440,Rhisnes,,,,,be,4.801866,50.499348,130.11194,300
8842705,Rivage,,,,,be,5.587631,50.483285,56.634328,300
8811536,Rixensart,,,,,be,4.532855,50.711413,160.708955,300
8864006,Rochefort-Jemelle,,,,,be,5.266698,50.160401,87.492537,300
8200940,Rodange,,,,,lu,5.845028,49.551283,109.507463,180
8896800,Roeselare,Roulers,,,,be,3.130412,50.949025,68.574627,300
8861119,Ronet,,,,,be,4.82842,50.457737,107.41791,300
8892908,Ronse,Renaix,,Renaix / Ronse,Ronse / Renaix,be,3.602552,50.742506,34.850746,300
8400526,Roosendaal,,,,,nl,4.458692,51.540834,33,300
8400530,Rotterdam CS,,,,,nl,4.5,51.916667,32.30597,300
8728673,Roubaix,,,,,fr,3.166666,50.699997,29.597015,300
8871217,Roux,,,,,be,4.393199,50.443112,102.895522,300
8814365,Ruisbroek,,,,,be,4.295333,50.79183,223.395522,300
8822848,Ruisbroek-Sauvegarde,,,,,be,4.324998,51.081022,55.753731,300
8861432,Saint-Denis-Bovesse,,,,,be,4.767788,50.5213,130.11194,300
8884004,Saint-Ghislain,,,,,be,3.820253,50.44286,107.11194,300
8718213,Saint-Louis-Haut-Rhin,,,,,fr,7.555316,47.5907,0,
8775752,Saint-Raphaël-Valescure,,,,,fr,6.768825,43.423456,0.014925,300
8864956,Sart-Bernard,,,,,be,4.949739,50.406373,75.626866,300
8721222,Saverne,,,,,fr,7.362255,48.744798,0,
8811007,Schaarbeek/Schaerbeek,Schaerbeek,Schaarbeek,,,be,4.378636,50.878513,737.231343,300
8893070,Scheldewindeke,,,,,be,3.777842,50.937069,42.328358,300
8824232,Schelle,,,,,be,4.340261,51.12551,56.455224,300
8893542,Schellebelle,,,,,be,3.921373,51.003149,139.514925,120
8895711,Schendelbeke,,,,,be,3.899286,50.797844,47.537313,300
8400561,Schiphol,,,,,nl,4.75,52.3,26.208955,300
8893526,Schoonaarde,,,,,be,4.011094,51.003149,64.977612,300
8831088,Schulen,,,,,be,5.187405,50.963758,106.08209,300
8863446,Sclaigneaux,,,,,be,5.026363,50.492247,88.313433,300
8843133,Sclessin,,,,,be,5.558911,50.609844,86.067164,300
8721405,Selestat,,,,,fr,7.449999,48.26667,0,
8843067,Seraing,,,,,be,5.513777,50.6089,34.440299,300
8893583,Serskamp,,,,,be,3.959361,50.984397,74.537313,300
8015588,Siegburg,,,,,de,7.203029,50.793916,0.029851,300
8883436,Silly,,Opzullik,,,be,3.935863,50.662386,66.104478,300
8812013,Simonis,,,,,be,4.32898,50.863645,37.447761,300
8894425,Sinaai,,,,,be,4.06894,51.143398,174.895522,300
8812211,Sint-Agatha-Berchem/Berchem-Sainte-Agathe,Berchem-Sainte-Agathe,Sint-Agatha-Berchem,,,be,4.289895,50.872625,55.597015,300
8892692,Sint-Denijs-Boekel,,,,,be,3.698395,50.874297,70.716418,300
8814167,Sint-Genesius-Rode,Rhode-Saint-Genèse,,Rhode-St.-Genese/st.-Genesius-Rode,St.-Genesius-Rode/rhode-St.-Genese,be,4.361997,50.74781,181.052239,300
8893443,Sint-Gillis-Dendermonde,Saint-Gilles-lez-Termonde,Sint-Gillis,Sint-Gillis,Sint-Gillis,be,4.117832,51.021693,90.977612,300
8814449,Sint-Job,Saint-Job,,Saint-Job / Sint-Job,Sint-Job / Saint-Job,be,4.362761,50.79441,127.313433,300
8833159,Sint-Joris-Weert,,,,,be,4.651728,50.800631,54.507463,300
8822228,Sint-Katelijne-Waver,Wavre-Sainte-Catherine,,,,be,4.496116,51.069975,283.701493,300
8821543,Sint-Mariaburg,,,,,be,4.4349,51.291658,82.380597,300
8812245,Sint-Martens-Bodegem,Bodeghem-Saint-Martin,,,,be,4.205081,50.86716,55.597015,300
8894508,Sint-Niklaas,Saint-Nicolas,,,,be,4.142966,51.171472,218.38806,240
8831807,Sint-Truiden,Saint-Trond,,,,be,5.176654,50.81762,39.156716,300
8893260,Sleidinge,,,,,be,3.667526,51.126607,33.119403,300
8883113,Soignies,,Zinnik,,,be,4.067519,50.572763,86.179104,240
8871662,Solre-sur-Sambre,,,,,be,4.158427,50.312642,32.641791,300
8844404,Spa,,,,,be,5.855096,50.490305,31.656716,300
8844420,Spa-Géronstère,,,,,be,5.866207,50.489307,31.656716,300
8843406,Statte,,,,,be,5.219676,50.528276,89.970149,300
8869054,Sterpenich-Frontiere,,,,,be,5.90415,49.64396,105.88806,120
8862018,Stockem,,,,,be,5.769115,49.690939,59.402985,300
8721202,Strasbourg,,Straatsburg,Straßburg,,fr,7.733905,48.585437,0.037313,300
8842853,Sy,,,,,be,5.523565,50.403254,30.843284,300
8777320,Sète,,,,,fr,3.696535,43.41281,0,
8874609,Tamines,,,,,be,4.608823,50.432235,142.201493,300
8894672,Temse,Tamise,,,,be,4.221352,51.126085,42.037313,300
8895448,Terhagen,,,,,be,3.896653,50.901643,70.820896,300
8812252,Ternat,,,,,be,4.16534,50.874522,61.492537,300
8833266,Testelt,,,,,be,4.945829,51.009864,107.037313,300
8844339,Theux,,,,,be,5.815031,50.536159,31.656716,300
8881455,Thieu,,,,,be,4.098523,50.46954,90.029851,300
8719100,Thionville,,,,,fr,6.166663,49.366663,0,
8871811,Thuin,,,,,be,4.288906,50.342738,32.641791,300
8884350,Thulin,,,,,be,3.744708,50.423335,32.768657,300
8815016,Thurn en Taxis/Tour et Taxis,Tour et Taxis,Thurn en Taxis,Tour et Taxis,Thurn en Taxis,be,4.341090918,50.87175168,37.447761,300
8821964,Tielen,,,,,be,4.893089,51.241021,56.08209,300
8892254,Tielt,,,,,be,3.330341,50.990842,37.365672,300
8833308,Tienen,Tirlemont,,Thienen,,be,4.92581,50.80802,110.574627,300
8842630,Tilff,,,,,be,5.583937,50.570624,53.350746,300
8872553,Tilly,,,,,be,4.552676,50.558084,33.686567,300
8895638,Tollembeek,,,,,be,3.992828,50.735522,42.014925,300
8831310,Tongeren,Tongres,,Tongern,,be,5.47328,50.784405,63.343284,300
8891314,Torhout,,,,,be,3.105871,51.064707,67.955224,300
8775500,Toulon,,,,,fr,5.9326648,43.1274781,0.014925,300
8728654,Tourcoing,,,,,fr,3.15,50.716667,44.820896,300
8885001,Tournai,,Doornik,,,be,3.396942,50.613134,167.238806,300
8845203,Trois-Ponts,,,,,be,5.873578,50.368214,26.664179,300
8200136,Troisvierges,,,,,lu,6.000281,50.121109,33.634328,180
8844271,Trooz,,,,,be,5.688346,50.573213,86.149254,300
8883808,Tubize,,Tubeke,,,be,4.205729,50.691708,162.276119,300
8821907,Turnhout,,,,,be,4.937415,51.322032,56.08209,300
8814134,Ukkel-Kalevoet/Uccle-Calevoet,Uccle-Calevoet,Ukkel-Kalevoet,,,be,4.332207,50.791749,123.947761,300
8814126,Ukkel-Stalle/Uccle-Stalle,Uccle-Stalle,Ukkel-Stalle,,,be,4.323901,50.802411,123.947761,300
8776302,Valence TGV,,,,,fr,4.9,44.93333,0.044776,300
8811270,Veltem,,,,,be,4.633516,50.900519,329.365672,300
8833050,Vertrijk,,,,,be,4.835522,50.836282,110.574627,300
8844008,Verviers-Central,,Verviers-Centraal,,,be,5.854917,50.588135,127.320896,240
8844057,Verviers-Palais,,Verviers-Paleis,,,be,5.865335,50.590921,82.746269,300
8892304,Veurne,Furnes,,,,be,2.66994,51.073867,37.156716,300
8895612,Viane-Moerbeke,,,,,be,3.917337,50.751981,42.014925,300
8896230,Vichte,,,,,be,3.39163,50.833657,68.059701,300
8845146,Vielsalm,,,,,be,5.909211,50.278933,23.507463,300
8895489,Vijfhuizen,,,,,be,3.98125,50.943254,7.731343,300
8884632,Ville-Pommerœul,,,,,be,3.724248,50.464542,66.597015,300
8872579,Villers-la-Ville,,,,,be,4.533349,50.578103,33.686567,300
8811189,Vilvoorde,Vilvorde,,,,be,4.432823,50.924583,302.738806,240
8866407,Virton,,,,,be,5.519125,49.560821,39.783582,300
8849064,Vise-Frontiere,,,,,be,5.702903,50.758413,52.597015,120
8846201,Visé,,Wezet,,,be,5.692544,50.73776,40.746269,300
8866118,Viville,,,,,be,5.786527,49.688243,59.402985,300
8841327,Voroux,,,,,be,5.429556,50.66181,63.216418,300
8814118,Vorst-Oost/Forest-Est,Forest-Est,Vorst-Oost,,,be,4.320943,50.810195,123.947761,300
8814373,Vorst-Zuid/Forest-Midi,Forest-Midi,Vorst-Zuid,,,be,4.309167,50.809215,218.895522,300
8893815,Waarschoot,,,,,be,3.615353,51.154608,33.119403,300
8873007,Walcourt,,,,,be,4.435879,50.259219,33.626866,300
8896149,Waregem,,,,,be,3.42551,50.892456,109.80597,300
8841400,Waremme,,Borgworm,,,be,5.249475,50.694549,63.223881,300
8814266,Waterloo,,,,,be,4.383481,50.715422,181.052239,300
8811429,Watermaal/Watermael,Watermael,Watermaal,,,be,4.399887,50.80917,160.708955,300
8811726,Wavre,,Waver,,,be,4.604778,50.716267,61.768657,300
8822251,Weerde,,,,,be,4.470937,50.977449,217.097015,300
8844503,Welkenraedt,,,,,be,5.975381,50.659707,91.007463,180
8895851,Welle,,,,,be,4.05062,50.903279,70.820896,300
8896396,Wervik,,,,,be,3.046983,50.781861,41.544776,300
8822525,Wespelaar-Tildonk,,,,,be,4.638011,50.958544,66.208955,300
8893559,Wetteren,,,,,be,3.881883,51.001603,139.514925,120
8896370,Wevelgem,,,,,be,3.18352,50.811526,41.544776,300
8833233,Wezemaal,,,,,be,4.747679,50.956261,156.186567,300
8893534,Wichelen,,,,,be,3.969195,51.001962,64.977612,300
8833175,Wijgmaal,,,,,be,4.701475,50.92274,66.208955,300
8821436,Wildert,,,,,be,4.46335,51.428087,82.380597,300
8822608,Willebroek,,,,,be,4.356019,51.066343,39.925373,300
8200132,Wilwerwiltz,,,,,lu,5.999166,49.988887,16.447761,300
8821709,Wolfstee,,,,,be,4.786144,51.168361,138.179104,300
8893211,Wondelgem,,,,,be,3.719071,51.088357,33.119403,300
8847258,Y.renory,,,,,be,5.55788,50.604856,34.440299,300
8873239,Yves-Gomezée,,,,,be,4.500404,50.23698,31.649254,300
8863545,Yvoir,,,,,be,4.878643,50.32084,67.664179,300
8895737,Zandbergen,,,,,be,3.957653,50.806986,47.537313,300
8811221,Zaventem,,,,,be,4.469886,50.885723,369.843284,300
8891264,Zedelgem,,,,,be,3.16414,51.127047,67.955224,300
8891553,Zeebrugge-Dorp,,,,,be,3.19517,51.326383,17.671642,300
8891173,Zeebrugge-Strand,,,,,be,3.184028,51.330503,8.447761,300
8894235,Zele,,,,,be,4.041999,51.073256,43.634328,300
8812062,Zellik,,,,,be,4.274541,50.890028,90.977612,300
8833274,Zichem,,,,,be,4.987359,51.00669,106.61194,300
8892635,Zingem,,,,,be,3.646384,50.908025,37.776119,300
8832250,Zolder,,,,,be,5.3299,51.033548,30.910448,300
8832334,Zonhoven,,,,,be,5.348815,50.989557,30.910448,300
8895208,Zottegem,,,,,be,3.81441,50.869102,161.223881,240
8891611,Zwankendamme,,,,,be,3.191557,51.306409,0,
8894821,Zwijndrecht,,,,,be,4.32978,51.214108,150.514925,300
8883212,Écaussinnes,,,,,be,4.156639,50.56239,60.044776,300
